label:organisation id:15997 type:company name:Kenya_Airways url:http://dbpedia.org/resource/Kenya_Airways 
label:organisation id:15998 type:company name:East_African_Safari_Air url:http://dbpedia.org/resource/East_African_Safari_Air 
label:organisation id:15999 type:company name:African_Safari_Airways url:http://dbpedia.org/resource/African_Safari_Airways 
label:organisation id:16000 type:company name:Airkenya_Express url:http://dbpedia.org/resource/Airkenya_Express 
label:organisation id:16001 type:company name:Astral_Aviation url:http://dbpedia.org/resource/Astral_Aviation 
label:organisation id:16002 type:company name:African_Express_Airways url:http://dbpedia.org/resource/African_Express_Airways 
label:organisation id:16003 type:company name:748_Air_Services url:http://dbpedia.org/resource/748_Air_Services 
label:organisation id:16004 type:company name:Fly540 url:http://dbpedia.org/resource/Fly540 
label:organisation id:16005 type:company name:Safarilink_Aviation url:http://dbpedia.org/resource/Safarilink_Aviation 
label:organisation id:16006 type:company name:Delta_Connection_(Kenya) url:http://dbpedia.org/resource/Delta_Connection_(Kenya) 
label:organisation id:16007 type:company name:CMC_Aviation url:http://dbpedia.org/resource/CMC_Aviation 
label:organisation id:16008 type:company name:ALS_–_Aircraft_Leasing_Services url:http://dbpedia.org/resource/ALS_–_Aircraft_Leasing_Services 
label:organisation id:16145 type:company name:Arik_Niger url:http://dbpedia.org/resource/Arik_Niger 
label:organisation id:16146 type:company name:Escadrille_Nationale_du_Niger url:http://dbpedia.org/resource/Escadrille_Nationale_du_Niger 
label:organisation id:16147 type:company name:Air_Niamey url:http://dbpedia.org/resource/Air_Niamey 
label:organisation id:15533 type:company name:LAN_Airlines url:http://dbpedia.org/resource/LAN_Airlines 
label:organisation id:15534 type:company name:Aerovías_DAP url:http://dbpedia.org/resource/Aerovías_DAP 
label:organisation id:15535 type:company name:Alpine_Air_Express_Chile url:http://dbpedia.org/resource/Alpine_Air_Express_Chile 
label:organisation id:15536 type:company name:Sky_Airline url:http://dbpedia.org/resource/Sky_Airline 
label:organisation id:15537 type:company name:Aerocardal url:http://dbpedia.org/resource/Aerocardal 
label:organisation id:15538 type:company name:Air_Comet_Chile url:http://dbpedia.org/resource/Air_Comet_Chile 
label:organisation id:15539 type:company name:LAN_Express url:http://dbpedia.org/resource/LAN_Express 
label:organisation id:15540 type:company name:DAP_Helicópteros url:http://dbpedia.org/resource/DAP_Helicópteros 
label:organisation id:15541 type:company name:PAL_Airlines url:http://dbpedia.org/resource/PAL_Airlines 
label:organisation id:16039 type:company name:Air_Madagascar url:http://dbpedia.org/resource/Air_Madagascar 
label:organisation id:15577 type:company name:Cubana_de_Aviación url:http://dbpedia.org/resource/Cubana_de_Aviación 
label:organisation id:15578 type:company name:Aero_Caribbean url:http://dbpedia.org/resource/Aero_Caribbean 
label:organisation id:15579 type:company name:Aerogaviota url:http://dbpedia.org/resource/Aerogaviota 
label:organisation id:15628 type:company name:EgyptAir url:http://dbpedia.org/resource/EgyptAir 
label:organisation id:15629 type:company name:Flash_Airlines url:http://dbpedia.org/resource/Flash_Airlines 
label:organisation id:15630 type:company name:Air_Sinai url:http://dbpedia.org/resource/Air_Sinai 
label:organisation id:15631 type:company name:Palestinian_Airlines url:http://dbpedia.org/resource/Palestinian_Airlines 
label:organisation id:15632 type:company name:AMC_Airlines url:http://dbpedia.org/resource/AMC_Airlines 
label:organisation id:15633 type:company name:Air_Memphis url:http://dbpedia.org/resource/Air_Memphis 
label:organisation id:15634 type:company name:Air_Cairo url:http://dbpedia.org/resource/Air_Cairo 
label:organisation id:15635 type:company name:Luxor_Air url:http://dbpedia.org/resource/Luxor_Air 
label:organisation id:15636 type:company name:Lotus_Air url:http://dbpedia.org/resource/Lotus_Air 
label:organisation id:15637 type:company name:Midwest_Airlines_(Egypt) url:http://dbpedia.org/resource/Midwest_Airlines_(Egypt) 
label:organisation id:15638 type:company name:Petroleum_Air_Services url:http://dbpedia.org/resource/Petroleum_Air_Services 
label:organisation id:15639 type:company name:Cairo_Aviation url:http://dbpedia.org/resource/Cairo_Aviation 
label:organisation id:15640 type:company name:EgyptAir_Cargo url:http://dbpedia.org/resource/EgyptAir_Cargo 
label:organisation id:15641 type:company name:EgyptAir_Express url:http://dbpedia.org/resource/EgyptAir_Express 
label:organisation id:15642 type:company name:KoralBlue_Airlines url:http://dbpedia.org/resource/KoralBlue_Airlines 
label:organisation id:15643 type:company name:Alexandria_Airlines url:http://dbpedia.org/resource/Alexandria_Airlines 
label:organisation id:15644 type:company name:Smart_Aviation_Company url:http://dbpedia.org/resource/Smart_Aviation_Company 
label:organisation id:15645 type:company name:Nile_Air url:http://dbpedia.org/resource/Nile_Air 
label:organisation id:15646 type:company name:AlMasria_Universal_Airlines url:http://dbpedia.org/resource/AlMasria_Universal_Airlines 
label:organisation id:15647 type:company name:Air_Italy_Egypt url:http://dbpedia.org/resource/Air_Italy_Egypt 
label:organisation id:15648 type:company name:Tristar_Air url:http://dbpedia.org/resource/Tristar_Air 
label:organisation id:15649 type:company name:Air_Arabia_Egypt url:http://dbpedia.org/resource/Air_Arabia_Egypt 
label:organisation id:15650 type:company name:Nesma_Airlines url:http://dbpedia.org/resource/Nesma_Airlines 
label:organisation id:15281 type:company name:Kam_Air url:http://dbpedia.org/resource/Kam_Air 
label:organisation id:15282 type:company name:Balkh_Airlines url:http://dbpedia.org/resource/Balkh_Airlines 
label:organisation id:15283 type:company name:Khyber_Afghan_Airlines url:http://dbpedia.org/resource/Khyber_Afghan_Airlines 
label:organisation id:15284 type:company name:MarcoPolo_Airways url:http://dbpedia.org/resource/MarcoPolo_Airways 
label:organisation id:15285 type:company name:Pamir_Airways url:http://dbpedia.org/resource/Pamir_Airways 
label:organisation id:15286 type:company name:Bakhtar_Afghan_Airlines url:http://dbpedia.org/resource/Bakhtar_Afghan_Airlines 
label:organisation id:15287 type:company name:Safi_Airways url:http://dbpedia.org/resource/Safi_Airways 
label:organisation id:16848 type:company name:Yemenia url:http://dbpedia.org/resource/Yemenia 
label:organisation id:16849 type:company name:Felix_Airways url:http://dbpedia.org/resource/Felix_Airways 
label:organisation id:15580 type:company name:Czech_Airlines url:http://dbpedia.org/resource/Czech_Airlines 
label:organisation id:15581 type:company name:Travel_Service_Airlines url:http://dbpedia.org/resource/Travel_Service_Airlines 
label:organisation id:15582 type:company name:SmartWings url:http://dbpedia.org/resource/SmartWings 
label:organisation id:15583 type:company name:ABS_Jets url:http://dbpedia.org/resource/ABS_Jets 
label:organisation id:15584 type:company name:Charter_Air url:http://dbpedia.org/resource/Charter_Air 
label:organisation id:15585 type:company name:Central_Connect_Airlines url:http://dbpedia.org/resource/Central_Connect_Airlines 
label:organisation id:15586 type:company name:Euro_Cargo_Air url:http://dbpedia.org/resource/Euro_Cargo_Air 
label:organisation id:15587 type:company name:Grossmann_Jet_Service url:http://dbpedia.org/resource/Grossmann_Jet_Service 
label:organisation id:15588 type:company name:Silver_Air_(Czech_Republic) url:http://dbpedia.org/resource/Silver_Air_(Czech_Republic) 
label:organisation id:16516 type:company name:Scandinavian_Airlines url:http://dbpedia.org/resource/Scandinavian_Airlines 
label:organisation id:16517 type:company name:Linjeflyg url:http://dbpedia.org/resource/Linjeflyg 
label:organisation id:16518 type:company name:FlyNordic url:http://dbpedia.org/resource/FlyNordic 
label:organisation id:16519 type:company name:FlyMe url:http://dbpedia.org/resource/FlyMe 
label:organisation id:16520 type:company name:Golden_Air url:http://dbpedia.org/resource/Golden_Air 
label:organisation id:16521 type:company name:Malmö_Aviation url:http://dbpedia.org/resource/Malmö_Aviation 
label:organisation id:16522 type:company name:TUIfly_Nordic url:http://dbpedia.org/resource/TUIfly_Nordic 
label:organisation id:16523 type:company name:Falcon_Air url:http://dbpedia.org/resource/Falcon_Air 
label:organisation id:16524 type:company name:International_Business_Air url:http://dbpedia.org/resource/International_Business_Air 
label:organisation id:16525 type:company name:Novair url:http://dbpedia.org/resource/Novair 
label:organisation id:16526 type:company name:Nordic_Airways url:http://dbpedia.org/resource/Nordic_Airways 
label:organisation id:16527 type:company name:Barents_AirLink url:http://dbpedia.org/resource/Barents_AirLink 
label:organisation id:16528 type:company name:Skyways_Express url:http://dbpedia.org/resource/Skyways_Express 
label:organisation id:16529 type:company name:SwedJet_Airways url:http://dbpedia.org/resource/SwedJet_Airways 
label:organisation id:16530 type:company name:Viking_Airlines url:http://dbpedia.org/resource/Viking_Airlines 
label:organisation id:16531 type:company name:West_Air_Sweden url:http://dbpedia.org/resource/West_Air_Sweden 
label:organisation id:16532 type:company name:Amapola_Flyg url:http://dbpedia.org/resource/Amapola_Flyg 
label:organisation id:16533 type:company name:Nextjet url:http://dbpedia.org/resource/Nextjet 
label:organisation id:16534 type:company name:Transwede_Airways url:http://dbpedia.org/resource/Transwede_Airways 
label:organisation id:16535 type:company name:Norrlandsflyg url:http://dbpedia.org/resource/Norrlandsflyg 
label:organisation id:16536 type:company name:WaltAir url:http://dbpedia.org/resource/WaltAir 
label:organisation id:16537 type:company name:Scandjet url:http://dbpedia.org/resource/Scandjet 
label:organisation id:16538 type:company name:Avitrans url:http://dbpedia.org/resource/Avitrans 
label:organisation id:16539 type:company name:Nordic_Regional url:http://dbpedia.org/resource/Nordic_Regional 
label:organisation id:16540 type:company name:Höga_Kusten_Flyg url:http://dbpedia.org/resource/Höga_Kusten_Flyg 
label:organisation id:16541 type:company name:JP_Air url:http://dbpedia.org/resource/JP_Air 
label:organisation id:16542 type:company name:Air_Express_Sweden url:http://dbpedia.org/resource/Air_Express_Sweden 
label:organisation id:16543 type:company name:Kullaflyg url:http://dbpedia.org/resource/Kullaflyg 
label:organisation id:16544 type:company name:Sundsvallsflyg url:http://dbpedia.org/resource/Sundsvallsflyg 
label:organisation id:16545 type:company name:Jämtlands_Flyg url:http://dbpedia.org/resource/Jämtlands_Flyg 
label:organisation id:16546 type:company name:MCA_Airlines url:http://dbpedia.org/resource/MCA_Airlines 
label:organisation id:16547 type:company name:Nord-Flyg url:http://dbpedia.org/resource/Nord-Flyg 
label:organisation id:16548 type:company name:Grafair url:http://dbpedia.org/resource/Grafair 
label:organisation id:16549 type:company name:West_Atlantic url:http://dbpedia.org/resource/West_Atlantic 
label:organisation id:16550 type:company name:Air_Sweden url:http://dbpedia.org/resource/Air_Sweden 
label:organisation id:16551 type:company name:Tor_Air url:http://dbpedia.org/resource/Tor_Air 
label:organisation id:16552 type:company name:Flyglinjen url:http://dbpedia.org/resource/Flyglinjen 
label:organisation id:16553 type:company name:Avia_Express url:http://dbpedia.org/resource/Avia_Express 
label:organisation id:16294 type:company name:TAROM url:http://dbpedia.org/resource/TAROM 
label:organisation id:16295 type:company name:Carpatair url:http://dbpedia.org/resource/Carpatair 
label:organisation id:16296 type:company name:Blue_Air url:http://dbpedia.org/resource/Blue_Air 
label:organisation id:16297 type:company name:JeTran_Air url:http://dbpedia.org/resource/JeTran_Air 
label:organisation id:16298 type:company name:Ţiriac_Air url:http://dbpedia.org/resource/Ţiriac_Air 
label:organisation id:16299 type:company name:Romavia url:http://dbpedia.org/resource/Romavia 
label:organisation id:16300 type:company name:Eurojet_Romania url:http://dbpedia.org/resource/Eurojet_Romania 
label:organisation id:16301 type:company name:Medallion_Air url:http://dbpedia.org/resource/Medallion_Air 
label:organisation id:16302 type:company name:Direct_Aero_Services url:http://dbpedia.org/resource/Direct_Aero_Services 
label:organisation id:16303 type:company name:Air_Bucharest url:http://dbpedia.org/resource/Air_Bucharest 
label:organisation id:15542 type:company name:SAM_Colombia url:http://dbpedia.org/resource/SAM_Colombia 
label:organisation id:15543 type:company name:ACES_Colombia url:http://dbpedia.org/resource/ACES_Colombia 
label:organisation id:15544 type:company name:SCADTA url:http://dbpedia.org/resource/SCADTA 
label:organisation id:15545 type:company name:Tampa_Cargo url:http://dbpedia.org/resource/Tampa_Cargo 
label:organisation id:15546 type:company name:AeroSucre url:http://dbpedia.org/resource/AeroSucre 
label:organisation id:15547 type:company name:AeroTACA url:http://dbpedia.org/resource/AeroTACA 
label:organisation id:15548 type:company name:Intercontinental_de_Aviación url:http://dbpedia.org/resource/Intercontinental_de_Aviación 
label:organisation id:15549 type:company name:SATENA url:http://dbpedia.org/resource/SATENA 
label:organisation id:15550 type:company name:West_Caribbean_Airways url:http://dbpedia.org/resource/West_Caribbean_Airways 
label:organisation id:15551 type:company name:Helicol url:http://dbpedia.org/resource/Helicol 
label:organisation id:15552 type:company name:AIRES url:http://dbpedia.org/resource/AIRES 
label:organisation id:15553 type:company name:Avianca_Cargo url:http://dbpedia.org/resource/Avianca_Cargo 
label:organisation id:15554 type:company name:SACO_(Colombia) url:http://dbpedia.org/resource/SACO_(Colombia) 
label:organisation id:15555 type:company name:AeroCóndor url:http://dbpedia.org/resource/AeroCóndor 
label:organisation id:15556 type:company name:Líneas_Aéreas_Suramericanas url:http://dbpedia.org/resource/Líneas_Aéreas_Suramericanas 
label:organisation id:15557 type:company name:Aerolínea_de_Antioquia url:http://dbpedia.org/resource/Aerolínea_de_Antioquia 
label:organisation id:15558 type:company name:APSA_Colombia url:http://dbpedia.org/resource/APSA_Colombia 
label:organisation id:15559 type:company name:Aexpa url:http://dbpedia.org/resource/Aexpa 
label:organisation id:15560 type:company name:Vertical_de_Aviación url:http://dbpedia.org/resource/Vertical_de_Aviación 
label:organisation id:15561 type:company name:SARPA url:http://dbpedia.org/resource/SARPA 
label:organisation id:15562 type:company name:Helicargo url:http://dbpedia.org/resource/Helicargo 
label:organisation id:15563 type:company name:Central_Charter_de_Colombia url:http://dbpedia.org/resource/Central_Charter_de_Colombia 
label:organisation id:15564 type:company name:Cosmos_Air_Cargo url:http://dbpedia.org/resource/Cosmos_Air_Cargo 
label:organisation id:15565 type:company name:SADELCA url:http://dbpedia.org/resource/SADELCA 
label:organisation id:15566 type:company name:Cargo_Express url:http://dbpedia.org/resource/Cargo_Express 
label:organisation id:15567 type:company name:AeroSur_(Colombia) url:http://dbpedia.org/resource/AeroSur_(Colombia) 
label:organisation id:15568 type:company name:Colombian_Air_Cargo url:http://dbpedia.org/resource/Colombian_Air_Cargo 
label:organisation id:15569 type:company name:TAC_Colombia url:http://dbpedia.org/resource/TAC_Colombia 
label:organisation id:15570 type:company name:EasyFly url:http://dbpedia.org/resource/EasyFly 
label:organisation id:15571 type:company name:Líneas_Aéreas_La_Urraca url:http://dbpedia.org/resource/Líneas_Aéreas_La_Urraca 
label:organisation id:15572 type:company name:Copa_Airlines_Colombia url:http://dbpedia.org/resource/Copa_Airlines_Colombia 
label:organisation id:16607 type:company name:Turkish_Airlines url:http://dbpedia.org/resource/Turkish_Airlines 
label:organisation id:16608 type:company name:Air_Anatolia url:http://dbpedia.org/resource/Air_Anatolia 
label:organisation id:16609 type:company name:Fly_Air url:http://dbpedia.org/resource/Fly_Air 
label:organisation id:16610 type:company name:Onur_Air url:http://dbpedia.org/resource/Onur_Air 
label:organisation id:16611 type:company name:SunExpress url:http://dbpedia.org/resource/SunExpress 
label:organisation id:16612 type:company name:Freebird_Airlines url:http://dbpedia.org/resource/Freebird_Airlines 
label:organisation id:16613 type:company name:Pegasus_Airlines url:http://dbpedia.org/resource/Pegasus_Airlines 
label:organisation id:16614 type:company name:Atlasjet url:http://dbpedia.org/resource/Atlasjet 
label:organisation id:16615 type:company name:Inter_Airlines url:http://dbpedia.org/resource/Inter_Airlines 
label:organisation id:16616 type:company name:ULS_Airlines_Cargo url:http://dbpedia.org/resource/ULS_Airlines_Cargo 
label:organisation id:16617 type:company name:Saga_Airlines url:http://dbpedia.org/resource/Saga_Airlines 
label:organisation id:16618 type:company name:Sky_Airlines url:http://dbpedia.org/resource/Sky_Airlines 
label:organisation id:16619 type:company name:Corendon_Airlines url:http://dbpedia.org/resource/Corendon_Airlines 
label:organisation id:16620 type:company name:Bestair url:http://dbpedia.org/resource/Bestair 
label:organisation id:16621 type:company name:IZair url:http://dbpedia.org/resource/IZair 
label:organisation id:16622 type:company name:Tarhan_Tower_Airlines url:http://dbpedia.org/resource/Tarhan_Tower_Airlines 
label:organisation id:16623 type:company name:Birgenair url:http://dbpedia.org/resource/Birgenair 
label:organisation id:16624 type:company name:ACT_Airlines url:http://dbpedia.org/resource/ACT_Airlines 
label:organisation id:16625 type:company name:Golden_International_Airlines url:http://dbpedia.org/resource/Golden_International_Airlines 
label:organisation id:16626 type:company name:Ankair url:http://dbpedia.org/resource/Ankair 
label:organisation id:16627 type:company name:AnadoluJet url:http://dbpedia.org/resource/AnadoluJet 
label:organisation id:16628 type:company name:Sunways url:http://dbpedia.org/resource/Sunways 
label:organisation id:16629 type:company name:Turkuaz_Airlines url:http://dbpedia.org/resource/Turkuaz_Airlines 
label:organisation id:16630 type:company name:Tailwind_Airlines url:http://dbpedia.org/resource/Tailwind_Airlines 
label:organisation id:16631 type:company name:Borajet url:http://dbpedia.org/resource/Borajet 
label:organisation id:15288 type:company name:Air_Algérie url:http://dbpedia.org/resource/Air_Algérie 
label:organisation id:15289 type:company name:Khalifa_Airways url:http://dbpedia.org/resource/Khalifa_Airways 
label:organisation id:15290 type:company name:Tassili_Airlines url:http://dbpedia.org/resource/Tassili_Airlines 
label:organisation id:15291 type:company name:Antinea_Airlines url:http://dbpedia.org/resource/Antinea_Airlines 
label:organisation id:15292 type:company name:Star_Aviation url:http://dbpedia.org/resource/Star_Aviation 
label:organisation id:16009 type:company name:Lao_Airlines url:http://dbpedia.org/resource/Lao_Airlines 
label:organisation id:16010 type:company name:Lao_Air url:http://dbpedia.org/resource/Lao_Air 
label:organisation id:16507 type:company name:SriLankan_Airlines url:http://dbpedia.org/resource/SriLankan_Airlines 
label:organisation id:16508 type:company name:Aero_Lanka url:http://dbpedia.org/resource/Aero_Lanka 
label:organisation id:16509 type:company name:Expo_Aviation url:http://dbpedia.org/resource/Expo_Aviation 
label:organisation id:16510 type:company name:Mihin_Lanka url:http://dbpedia.org/resource/Mihin_Lanka 
label:organisation id:16511 type:company name:Deccan_Lanka url:http://dbpedia.org/resource/Deccan_Lanka 
label:organisation id:16512 type:company name:Swaziland_Airlink url:http://dbpedia.org/resource/Swaziland_Airlink 
label:organisation id:16513 type:company name:Aero_Africa url:http://dbpedia.org/resource/Aero_Africa 
label:organisation id:16514 type:company name:Royal_Swazi_National_Airways url:http://dbpedia.org/resource/Royal_Swazi_National_Airways 
label:organisation id:16515 type:company name:Swazi_Express_Airways url:http://dbpedia.org/resource/Swazi_Express_Airways 
label:organisation id:15573 type:company name:Croatia_Airlines url:http://dbpedia.org/resource/Croatia_Airlines 
label:organisation id:15574 type:company name:Air_Adriatic url:http://dbpedia.org/resource/Air_Adriatic 
label:organisation id:15575 type:company name:Dubrovnik_Airline url:http://dbpedia.org/resource/Dubrovnik_Airline 
label:organisation id:15576 type:company name:Trade_Air url:http://dbpedia.org/resource/Trade_Air 
label:organisation id:16056 type:company name:Air_Mauritanie url:http://dbpedia.org/resource/Air_Mauritanie 
label:organisation id:16057 type:company name:Mauritania_Airways url:http://dbpedia.org/resource/Mauritania_Airways 
label:organisation id:16573 type:company name:Tajik_Air url:http://dbpedia.org/resource/Tajik_Air 
label:organisation id:16574 type:company name:Somon_Air url:http://dbpedia.org/resource/Somon_Air 
label:organisation id:16575 type:company name:East_Air url:http://dbpedia.org/resource/East_Air 
label:organisation id:16576 type:company name:Asia_Airways url:http://dbpedia.org/resource/Asia_Airways 
label:organisation id:16390 type:company name:Silverback_Cargo_Freighters url:http://dbpedia.org/resource/Silverback_Cargo_Freighters 
label:organisation id:16391 type:company name:RwandAir url:http://dbpedia.org/resource/RwandAir 
label:organisation id:20550 type:university name:University_of_Lahore url:http://dbpedia.org/resource/University_of_Lahore 
label:organisation id:20551 type:university name:King_Edward_Medical_University url:http://dbpedia.org/resource/King_Edward_Medical_University 
label:organisation id:20552 type:university name:Kinnaird_College url:http://dbpedia.org/resource/Kinnaird_College 
label:organisation id:20553 type:university name:Hajvery_University url:http://dbpedia.org/resource/Hajvery_University 
label:organisation id:20554 type:university name:Don_Bosco_High_School url:http://dbpedia.org/resource/Don_Bosco_High_School 
label:organisation id:20555 type:university name:Shaikh_Khalifa_Bin_Zayed_Al-Nahyan_Medical_and_Dental_College url:http://dbpedia.org/resource/Shaikh_Khalifa_Bin_Zayed_Al-Nahyan_Medical_and_Dental_College 
label:organisation id:20556 type:university name:Imperial_College_of_Business_Studies url:http://dbpedia.org/resource/Imperial_College_of_Business_Studies 
label:organisation id:20557 type:university name:Lahore_University_of_Management_Sciences url:http://dbpedia.org/resource/Lahore_University_of_Management_Sciences 
label:organisation id:20558 type:university name:Lahore_School_of_Economics url:http://dbpedia.org/resource/Lahore_School_of_Economics 
label:organisation id:20559 type:university name:National_College_of_Arts url:http://dbpedia.org/resource/National_College_of_Arts 
label:organisation id:20560 type:university name:University_of_Management_and_Technology url:http://dbpedia.org/resource/University_of_Management_and_Technology 
label:organisation id:20561 type:university name:Fazaia_Inter_College,_Lahore url:http://dbpedia.org/resource/Fazaia_Inter_College,_Lahore 
label:organisation id:20562 type:university name:University_of_the_Punjab url:http://dbpedia.org/resource/University_of_the_Punjab 
label:organisation id:20563 type:university name:Allama_Iqbal_Medical_College url:http://dbpedia.org/resource/Allama_Iqbal_Medical_College 
label:organisation id:20564 type:university name:Akhtar_Saeed_Medical_and_Dental_College url:http://dbpedia.org/resource/Akhtar_Saeed_Medical_and_Dental_College 
label:organisation id:20651 type:university name:Hailey_College_of_Commerce url:http://dbpedia.org/resource/Hailey_College_of_Commerce 
label:organisation id:20652 type:university name:Centre_for_High_Energy_Physics url:http://dbpedia.org/resource/Centre_for_High_Energy_Physics 
label:organisation id:20653 type:university name:Government_College_University,_Lahore url:http://dbpedia.org/resource/Government_College_University,_Lahore 
label:organisation id:20654 type:university name:Services_Institute_of_Medical_Sciences url:http://dbpedia.org/resource/Services_Institute_of_Medical_Sciences 
label:organisation id:20655 type:university name:Minhaj_International_University url:http://dbpedia.org/resource/Minhaj_International_University 
label:organisation id:20656 type:university name:Fatima_Jinnah_Medical_College url:http://dbpedia.org/resource/Fatima_Jinnah_Medical_College 
label:organisation id:20657 type:university name:Government_College_of_Science,_Lahore url:http://dbpedia.org/resource/Government_College_of_Science,_Lahore 
label:organisation id:20658 type:university name:University_of_Education url:http://dbpedia.org/resource/University_of_Education 
label:organisation id:20659 type:university name:Punjab_University_Law_College url:http://dbpedia.org/resource/Punjab_University_Law_College 
label:organisation id:20660 type:university name:CMH_Lahore_Medical_And_Dental_College url:http://dbpedia.org/resource/CMH_Lahore_Medical_And_Dental_College 
label:organisation id:20661 type:university name:Government_M.A.O_College_Lahore url:http://dbpedia.org/resource/Government_M.A.O_College_Lahore 
label:organisation id:20685 type:university name:The_Sterling_Foundation_School url:http://dbpedia.org/resource/The_Sterling_Foundation_School 
label:organisation id:20686 type:university name:Lahore_Medical_and_Dental_College url:http://dbpedia.org/resource/Lahore_Medical_and_Dental_College 
label:organisation id:20687 type:university name:Hailey_College_of_Banking_&_Finance url:http://dbpedia.org/resource/Hailey_College_of_Banking_&_Finance 
label:organisation id:20688 type:university name:Forman_Christian_College url:http://dbpedia.org/resource/Forman_Christian_College 
label:organisation id:20689 type:university name:National_College_of_Business_Administration_&_Economics url:http://dbpedia.org/resource/National_College_of_Business_Administration_&_Economics 
label:organisation id:20690 type:university name:Pakistan_Navy_War_College url:http://dbpedia.org/resource/Pakistan_Navy_War_College 
label:organisation id:20691 type:university name:Punjab_Institute_of_Computer_Science url:http://dbpedia.org/resource/Punjab_Institute_of_Computer_Science 
label:organisation id:20692 type:university name:University_of_Veterinary_and_Animal_Sciences url:http://dbpedia.org/resource/University_of_Veterinary_and_Animal_Sciences 
label:organisation id:20693 type:university name:Sharif_Medical_&_Dental_College url:http://dbpedia.org/resource/Sharif_Medical_&_Dental_College 
label:organisation id:20728 type:university name:Shalamar_Medical_and_Dental_College url:http://dbpedia.org/resource/Shalamar_Medical_and_Dental_College 
label:organisation id:20729 type:university name:Punjab_University_College_of_Information_Technology url:http://dbpedia.org/resource/Punjab_University_College_of_Information_Technology 
label:organisation id:20730 type:university name:University_College_Lahore url:http://dbpedia.org/resource/University_College_Lahore 
label:organisation id:20731 type:university name:University_of_Health_Sciences_Lahore url:http://dbpedia.org/resource/University_of_Health_Sciences_Lahore 
label:organisation id:20732 type:university name:Dayal_Singh_College,_Lahore url:http://dbpedia.org/resource/Dayal_Singh_College,_Lahore 
label:organisation id:20733 type:university name:University_of_Central_Punjab url:http://dbpedia.org/resource/University_of_Central_Punjab 
label:organisation id:20734 type:university name:University_of_South_Asia,_Lahore url:http://dbpedia.org/resource/University_of_South_Asia,_Lahore 
label:organisation id:20735 type:university name:Beaconhouse_National_University url:http://dbpedia.org/resource/Beaconhouse_National_University 
label:organisation id:20736 type:university name:University_of_Engineering_and_Technology,_Lahore url:http://dbpedia.org/resource/University_of_Engineering_and_Technology,_Lahore 
label:organisation id:20737 type:university name:Institute_of_Management_Sciences,_Lahore url:http://dbpedia.org/resource/Institute_of_Management_Sciences,_Lahore 
label:organisation id:20738 type:university name:Avicenna_Medical_College,_Lahore url:http://dbpedia.org/resource/Avicenna_Medical_College,_Lahore 
label:organisation id:17274 type:university name:New_College,_Toronto url:http://dbpedia.org/resource/New_College,_Toronto 
label:organisation id:17275 type:university name:University_of_Toronto_Scarborough url:http://dbpedia.org/resource/University_of_Toronto_Scarborough 
label:organisation id:17276 type:university name:Glendon_College url:http://dbpedia.org/resource/Glendon_College 
label:organisation id:17285 type:university name:Ontario_Confederation_of_University_Faculty_Associations url:http://dbpedia.org/resource/Ontario_Confederation_of_University_Faculty_Associations 
label:organisation id:17286 type:university name:Council_of_Ontario_Universities url:http://dbpedia.org/resource/Council_of_Ontario_Universities 
label:organisation id:17304 type:university name:Laurier_School_of_Business_&_Economics url:http://dbpedia.org/resource/Laurier_School_of_Business_&_Economics 
label:organisation id:17318 type:university name:University_College,_Toronto url:http://dbpedia.org/resource/University_College,_Toronto 
label:organisation id:17319 type:university name:Osgoode_Hall_Law_School url:http://dbpedia.org/resource/Osgoode_Hall_Law_School 
label:organisation id:17320 type:university name:Rotman_School_of_Management url:http://dbpedia.org/resource/Rotman_School_of_Management 
label:organisation id:17321 type:university name:Emmanuel_College,_Toronto url:http://dbpedia.org/resource/Emmanuel_College,_Toronto 
label:organisation id:17322 type:university name:Knox_College,_Toronto url:http://dbpedia.org/resource/Knox_College,_Toronto 
label:organisation id:17323 type:university name:Trinity_College,_Toronto url:http://dbpedia.org/resource/Trinity_College,_Toronto 
label:organisation id:17324 type:university name:Toronto_School_of_Theology url:http://dbpedia.org/resource/Toronto_School_of_Theology 
label:organisation id:17325 type:university name:Canadian_Memorial_Chiropractic_College url:http://dbpedia.org/resource/Canadian_Memorial_Chiropractic_College 
label:organisation id:17326 type:university name:George_Brown_College url:http://dbpedia.org/resource/George_Brown_College 
label:organisation id:17327 type:university name:Wycliffe_College,_Toronto url:http://dbpedia.org/resource/Wycliffe_College,_Toronto 
label:organisation id:17328 type:university name:OCAD_University url:http://dbpedia.org/resource/OCAD_University 
label:organisation id:17329 type:university name:Rochdale_College url:http://dbpedia.org/resource/Rochdale_College 
label:organisation id:17330 type:university name:The_Michener_Institute url:http://dbpedia.org/resource/The_Michener_Institute 
label:organisation id:17331 type:university name:Max_the_Mutt_Animation_School url:http://dbpedia.org/resource/Max_the_Mutt_Animation_School 
label:organisation id:17369 type:university name:Centennial_College url:http://dbpedia.org/resource/Centennial_College 
label:organisation id:17370 type:university name:Institute_of_Biomaterials_and_Biomedical_Engineering url:http://dbpedia.org/resource/Institute_of_Biomaterials_and_Biomedical_Engineering 
label:organisation id:17371 type:university name:Woodsworth_College,_Toronto url:http://dbpedia.org/resource/Woodsworth_College,_Toronto 
label:organisation id:17372 type:university name:Canadian_College_of_Naturopathic_Medicine url:http://dbpedia.org/resource/Canadian_College_of_Naturopathic_Medicine 
label:organisation id:17373 type:university name:York_University url:http://dbpedia.org/resource/York_University 
label:organisation id:17374 type:university name:Ryerson_University url:http://dbpedia.org/resource/Ryerson_University 
label:organisation id:17375 type:university name:Schulich_School_of_Business url:http://dbpedia.org/resource/Schulich_School_of_Business 
label:organisation id:17376 type:university name:York/Sheridan_Design url:http://dbpedia.org/resource/York/Sheridan_Design 
label:organisation id:17377 type:university name:Victoria_University,_Toronto url:http://dbpedia.org/resource/Victoria_University,_Toronto 
label:organisation id:17378 type:university name:Seneca_College url:http://dbpedia.org/resource/Seneca_College 
label:organisation id:17379 type:university name:Regis_College,_Toronto url:http://dbpedia.org/resource/Regis_College,_Toronto 
label:organisation id:17380 type:university name:University_of_Guelph-Humber url:http://dbpedia.org/resource/University_of_Guelph-Humber 
label:organisation id:17386 type:university name:Higher_Education_Quality_Council_of_Ontario url:http://dbpedia.org/resource/Higher_Education_Quality_Council_of_Ontario 
label:organisation id:17387 type:university name:Maimonides_Schools_for_Jewish_Studies url:http://dbpedia.org/resource/Maimonides_Schools_for_Jewish_Studies 
label:organisation id:17410 type:university name:Massey_College,_Toronto url:http://dbpedia.org/resource/Massey_College,_Toronto 
label:organisation id:17411 type:university name:Humber_College url:http://dbpedia.org/resource/Humber_College 
label:organisation id:17412 type:university name:RCC_Institute_of_Technology url:http://dbpedia.org/resource/RCC_Institute_of_Technology 
label:organisation id:17413 type:university name:Ewart_College url:http://dbpedia.org/resource/Ewart_College 
label:organisation id:17414 type:university name:Innis_College,_Toronto url:http://dbpedia.org/resource/Innis_College,_Toronto 
label:organisation id:17415 type:university name:St._Michael's_College,_Toronto url:http://dbpedia.org/resource/St._Michael's_College,_Toronto 
label:organisation id:17416 type:university name:Collège_des_Grands-Lacs url:http://dbpedia.org/resource/Collège_des_Grands-Lacs 
label:organisation id:17417 type:university name:Charles_O._Bick_College url:http://dbpedia.org/resource/Charles_O._Bick_College 
label:organisation id:17418 type:university name:Vanier_College_at_York_University url:http://dbpedia.org/resource/Vanier_College_at_York_University 
label:organisation id:17422 type:university name:The_Glenn_Gould_School url:http://dbpedia.org/resource/The_Glenn_Gould_School 
label:organisation id:17423 type:university name:Canadian_Payroll_Association url:http://dbpedia.org/resource/Canadian_Payroll_Association 
label:organisation id:17424 type:university name:Canadian_Securities_Institute url:http://dbpedia.org/resource/Canadian_Securities_Institute 
label:organisation id:18287 type:university name:Rajiv_Gandhi_University_of_Health_Sciences url:http://dbpedia.org/resource/Rajiv_Gandhi_University_of_Health_Sciences 
label:organisation id:18293 type:university name:University_Visvesvaraya_College_of_Engineering url:http://dbpedia.org/resource/University_Visvesvaraya_College_of_Engineering 
label:organisation id:22254 type:university name:Simmons_College url:http://dbpedia.org/resource/Simmons_College 
label:organisation id:22255 type:university name:Massachusetts_College_of_Pharmacy_and_Health_Sciences url:http://dbpedia.org/resource/Massachusetts_College_of_Pharmacy_and_Health_Sciences 
label:organisation id:22256 type:university name:Northeastern_University_College_of_Engineering url:http://dbpedia.org/resource/Northeastern_University_College_of_Engineering 
label:organisation id:22257 type:university name:Northeastern_University url:http://dbpedia.org/resource/Northeastern_University 
label:organisation id:22258 type:university name:School_of_the_Museum_of_Fine_Arts,_Boston url:http://dbpedia.org/resource/School_of_the_Museum_of_Fine_Arts,_Boston 
label:organisation id:22259 type:university name:Tufts_University_School_of_Medicine url:http://dbpedia.org/resource/Tufts_University_School_of_Medicine 
label:organisation id:22260 type:university name:Boston_Theological_Institute url:http://dbpedia.org/resource/Boston_Theological_Institute 
label:organisation id:22261 type:university name:Northeastern_University_College_of_Business_Administration url:http://dbpedia.org/resource/Northeastern_University_College_of_Business_Administration 
label:organisation id:22454 type:university name:Boston_Baptist_College url:http://dbpedia.org/resource/Boston_Baptist_College 
label:organisation id:22455 type:university name:Boston_University_School_of_Management url:http://dbpedia.org/resource/Boston_University_School_of_Management 
label:organisation id:22456 type:university name:Boston_University_School_of_Education url:http://dbpedia.org/resource/Boston_University_School_of_Education 
label:organisation id:22457 type:university name:New_England_Conservatory url:http://dbpedia.org/resource/New_England_Conservatory 
label:organisation id:22458 type:university name:Emerson_College url:http://dbpedia.org/resource/Emerson_College 
label:organisation id:22459 type:university name:Northeastern_University_College_of_Computer_and_Information_Science url:http://dbpedia.org/resource/Northeastern_University_College_of_Computer_and_Information_Science 
label:organisation id:22460 type:university name:Tufts_University_School_of_Dental_Medicine url:http://dbpedia.org/resource/Tufts_University_School_of_Dental_Medicine 
label:organisation id:22461 type:university name:Boston_University_School_of_Medicine url:http://dbpedia.org/resource/Boston_University_School_of_Medicine 
label:organisation id:22462 type:university name:Emmanuel_College url:http://dbpedia.org/resource/Emmanuel_College 
label:organisation id:22463 type:university name:Goldman_School_of_Dental_Medicine url:http://dbpedia.org/resource/Goldman_School_of_Dental_Medicine 
label:organisation id:22464 type:university name:Northeastern_University_School_of_Pharmacy url:http://dbpedia.org/resource/Northeastern_University_School_of_Pharmacy 
label:organisation id:22465 type:university name:Boston_University_College_of_Health_and_Rehabilitation_Sciences url:http://dbpedia.org/resource/Boston_University_College_of_Health_and_Rehabilitation_Sciences 
label:organisation id:22628 type:university name:The_Art_Institute_of_Boston url:http://dbpedia.org/resource/The_Art_Institute_of_Boston 
label:organisation id:22629 type:university name:Boston_University_Academy url:http://dbpedia.org/resource/Boston_University_Academy 
label:organisation id:22630 type:university name:Massachusetts_College_of_Art_and_Design url:http://dbpedia.org/resource/Massachusetts_College_of_Art_and_Design 
label:organisation id:22631 type:university name:Lesley_University url:http://dbpedia.org/resource/Lesley_University 
label:organisation id:22632 type:university name:New_England_College_of_Business_and_Finance url:http://dbpedia.org/resource/New_England_College_of_Business_and_Finance 
label:organisation id:22633 type:university name:University_of_Massachusetts_Boston url:http://dbpedia.org/resource/University_of_Massachusetts_Boston 
label:organisation id:22634 type:university name:Harvard_School_of_Public_Health url:http://dbpedia.org/resource/Harvard_School_of_Public_Health 
label:organisation id:22635 type:university name:New_England_College_of_Optometry url:http://dbpedia.org/resource/New_England_College_of_Optometry 
label:organisation id:22636 type:university name:Northeastern_University_School_of_Law url:http://dbpedia.org/resource/Northeastern_University_School_of_Law 
label:organisation id:22637 type:university name:Boston_University_Medical_Campus url:http://dbpedia.org/resource/Boston_University_Medical_Campus 
label:organisation id:22638 type:university name:Boston_State_College url:http://dbpedia.org/resource/Boston_State_College 
label:organisation id:22639 type:university name:North_Bennet_Street_School url:http://dbpedia.org/resource/North_Bennet_Street_School 
label:organisation id:22640 type:university name:Harvard_School_of_Dental_Medicine url:http://dbpedia.org/resource/Harvard_School_of_Dental_Medicine 
label:organisation id:22641 type:university name:Boston_University_Science_and_Engineering_Program url:http://dbpedia.org/resource/Boston_University_Science_and_Engineering_Program 
label:organisation id:22642 type:university name:Labouré_College url:http://dbpedia.org/resource/Labouré_College 
label:organisation id:22643 type:university name:Leland_Powers_School url:http://dbpedia.org/resource/Leland_Powers_School 
label:organisation id:23001 type:university name:Wentworth_Institute_of_Technology url:http://dbpedia.org/resource/Wentworth_Institute_of_Technology 
label:organisation id:23002 type:university name:Boston_University_School_of_Public_Health url:http://dbpedia.org/resource/Boston_University_School_of_Public_Health 
label:organisation id:19881 type:university name:University_of_Tehran url:http://dbpedia.org/resource/University_of_Tehran 
label:organisation id:19882 type:university name:Mechanical_Engineering_Department_of_Amirkabir_University_of_Technology url:http://dbpedia.org/resource/Mechanical_Engineering_Department_of_Amirkabir_University_of_Technology 
label:organisation id:19883 type:university name:Tehran_School_of_Political_Sciences url:http://dbpedia.org/resource/Tehran_School_of_Political_Sciences 
label:organisation id:19884 type:university name:Payame_Noor_University url:http://dbpedia.org/resource/Payame_Noor_University 
label:organisation id:19885 type:university name:Allameh_Tabatabai_University url:http://dbpedia.org/resource/Allameh_Tabatabai_University 
label:organisation id:19886 type:university name:Islamic_Azad_University_Central_Tehran_Branch url:http://dbpedia.org/resource/Islamic_Azad_University_Central_Tehran_Branch 
label:organisation id:19889 type:university name:Sharif_University_of_Technology url:http://dbpedia.org/resource/Sharif_University_of_Technology 
label:organisation id:19894 type:university name:Imam_Hossein_University url:http://dbpedia.org/resource/Imam_Hossein_University 
label:organisation id:19895 type:university name:Shahid_Rajaee_University url:http://dbpedia.org/resource/Shahid_Rajaee_University 
label:organisation id:19898 type:university name:Tarbiat_Modares_University url:http://dbpedia.org/resource/Tarbiat_Modares_University 
label:organisation id:19899 type:university name:Iran_University_of_Science_and_Technology url:http://dbpedia.org/resource/Iran_University_of_Science_and_Technology 
label:organisation id:19900 type:university name:Iran_Broadcasting_College url:http://dbpedia.org/resource/Iran_Broadcasting_College 
label:organisation id:19901 type:university name:University_of_Science_and_Culture url:http://dbpedia.org/resource/University_of_Science_and_Culture 
label:organisation id:19902 type:university name:Institute_for_Studies_in_Theoretical_Physics_and_Mathematics url:http://dbpedia.org/resource/Institute_for_Studies_in_Theoretical_Physics_and_Mathematics 
label:organisation id:19903 type:university name:Shariaty_Technical_College url:http://dbpedia.org/resource/Shariaty_Technical_College 
label:organisation id:19904 type:university name:Iranian_Center_for_Translation_Studies url:http://dbpedia.org/resource/Iranian_Center_for_Translation_Studies 
label:organisation id:19905 type:university name:Islamic_Azad_University,_Science_and_Research_Branch,_Tehran url:http://dbpedia.org/resource/Islamic_Azad_University,_Science_and_Research_Branch,_Tehran 
label:organisation id:19906 type:university name:Imam_Sadiq_University url:http://dbpedia.org/resource/Imam_Sadiq_University 
label:organisation id:19910 type:university name:Petroleum_University_of_Technology url:http://dbpedia.org/resource/Petroleum_University_of_Technology 
label:organisation id:19913 type:university name:Tehran_University_of_Medical_Sciences url:http://dbpedia.org/resource/Tehran_University_of_Medical_Sciences 
label:organisation id:19914 type:university name:Institute_for_Cognitive_Science_Studies url:http://dbpedia.org/resource/Institute_for_Cognitive_Science_Studies 
label:organisation id:19915 type:university name:Iran_University_of_Medical_Sciences url:http://dbpedia.org/resource/Iran_University_of_Medical_Sciences 
label:organisation id:19916 type:university name:Alzahra_University url:http://dbpedia.org/resource/Alzahra_University 
label:organisation id:19917 type:university name:Islamic_Azad_University_North_Tehran_Branch url:http://dbpedia.org/resource/Islamic_Azad_University_North_Tehran_Branch 
label:organisation id:19918 type:university name:Baqiyatallah_University_of_Medical_Sciences url:http://dbpedia.org/resource/Baqiyatallah_University_of_Medical_Sciences 
label:organisation id:19919 type:university name:Shahid_Beheshti_University url:http://dbpedia.org/resource/Shahid_Beheshti_University 
label:organisation id:19920 type:university name:K.N.Toosi_University_of_Technology url:http://dbpedia.org/resource/K.N.Toosi_University_of_Technology 
label:organisation id:19921 type:university name:Iranian_Business_School url:http://dbpedia.org/resource/Iranian_Business_School 
label:organisation id:19927 type:university name:Amirkabir_University_of_Technology url:http://dbpedia.org/resource/Amirkabir_University_of_Technology 
label:organisation id:19928 type:university name:Shamsipour_Technical_and_Professional_University url:http://dbpedia.org/resource/Shamsipour_Technical_and_Professional_University 
label:organisation id:19930 type:university name:Iranian_Mental_Health_Research_Network url:http://dbpedia.org/resource/Iranian_Mental_Health_Research_Network 
label:organisation id:19931 type:university name:Tehran_Psychiatric_Institute url:http://dbpedia.org/resource/Tehran_Psychiatric_Institute 
label:organisation id:19932 type:university name:Avicenna_Research_Institute url:http://dbpedia.org/resource/Avicenna_Research_Institute 
label:organisation id:19933 type:university name:Shahid_Beheshti_University_of_Medical_Sciences url:http://dbpedia.org/resource/Shahid_Beheshti_University_of_Medical_Sciences 
label:organisation id:19934 type:university name:Kharazmi_University url:http://dbpedia.org/resource/Kharazmi_University 
label:organisation id:19935 type:university name:Faculty_of_Agriculture_of_Islamic_azad_university_Science_and_Research_branch url:http://dbpedia.org/resource/Faculty_of_Agriculture_of_Islamic_azad_university_Science_and_Research_branch 
label:organisation id:19940 type:university name:Power_and_Water_University_of_Technology url:http://dbpedia.org/resource/Power_and_Water_University_of_Technology 
label:organisation id:19941 type:university name:Malek-Ashtar_University_of_Technology url:http://dbpedia.org/resource/Malek-Ashtar_University_of_Technology 
label:organisation id:20828 type:university name:Pamantasan_ng_Lungsod_ng_Maynila,_District_Colleges url:http://dbpedia.org/resource/Pamantasan_ng_Lungsod_ng_Maynila,_District_Colleges 
label:organisation id:20868 type:university name:PLM_College_of_Law url:http://dbpedia.org/resource/PLM_College_of_Law 
label:organisation id:20869 type:university name:Polytechnic_University_of_the_Philippines_College_of_Architecture_and_Fine_Arts url:http://dbpedia.org/resource/Polytechnic_University_of_the_Philippines_College_of_Architecture_and_Fine_Arts 
label:organisation id:20870 type:university name:National_University url:http://dbpedia.org/resource/National_University 
label:organisation id:20871 type:university name:PMI_Colleges url:http://dbpedia.org/resource/PMI_Colleges 
label:organisation id:20872 type:university name:Far_Eastern_University_Institute_of_Nursing url:http://dbpedia.org/resource/Far_Eastern_University_Institute_of_Nursing 
label:organisation id:20875 type:university name:Adamson_University url:http://dbpedia.org/resource/Adamson_University 
label:organisation id:20876 type:university name:Universidad_de_San_Ignacio url:http://dbpedia.org/resource/Universidad_de_San_Ignacio 
label:organisation id:20909 type:university name:University_of_Perpetual_Help_System_JONELTA_–_Manila_Campus url:http://dbpedia.org/resource/University_of_Perpetual_Help_System_JONELTA_–_Manila_Campus 
label:organisation id:20910 type:university name:San_Beda_College url:http://dbpedia.org/resource/San_Beda_College 
label:organisation id:20911 type:university name:South_East_Asia_Graduate_School_of_Theology url:http://dbpedia.org/resource/South_East_Asia_Graduate_School_of_Theology 
label:organisation id:20912 type:university name:Espiritu_Santo_Parochial_School url:http://dbpedia.org/resource/Espiritu_Santo_Parochial_School 
label:organisation id:20913 type:university name:Arellano_University_student_life_and_culture url:http://dbpedia.org/resource/Arellano_University_student_life_and_culture 
label:organisation id:20914 type:university name:Centro_Escolar_University url:http://dbpedia.org/resource/Centro_Escolar_University 
label:organisation id:20915 type:university name:Teatro_Tomasino url:http://dbpedia.org/resource/Teatro_Tomasino 
label:organisation id:20916 type:university name:Far_Eastern_University_–_East_Asia_College url:http://dbpedia.org/resource/Far_Eastern_University_–_East_Asia_College 
label:organisation id:21008 type:university name:Don_Bosco_School,_Manila url:http://dbpedia.org/resource/Don_Bosco_School,_Manila 
label:organisation id:21009 type:university name:University_of_the_East url:http://dbpedia.org/resource/University_of_the_East 
label:organisation id:21010 type:university name:Arellano_University url:http://dbpedia.org/resource/Arellano_University 
label:organisation id:21011 type:university name:Far_Eastern_University_Institute_of_Law url:http://dbpedia.org/resource/Far_Eastern_University_Institute_of_Law 
label:organisation id:21012 type:university name:Far_Eastern_University_–_Institute_of_Architecture_and_Fine_Arts url:http://dbpedia.org/resource/Far_Eastern_University_–_Institute_of_Architecture_and_Fine_Arts 
label:organisation id:21013 type:university name:Polytechnic_University_of_the_Philippines_College_of_Computer_Management_and_Information_Technology url:http://dbpedia.org/resource/Polytechnic_University_of_the_Philippines_College_of_Computer_Management_and_Information_Technology 
label:organisation id:21016 type:university name:Pamantasan_ng_Lungsod_ng_Maynila,_Open_University url:http://dbpedia.org/resource/Pamantasan_ng_Lungsod_ng_Maynila,_Open_University 
label:organisation id:21017 type:university name:Technological_Institute_of_the_Philippines url:http://dbpedia.org/resource/Technological_Institute_of_the_Philippines 
label:organisation id:21058 type:university name:Malayan_High_School_of_Science url:http://dbpedia.org/resource/Malayan_High_School_of_Science 
label:organisation id:21059 type:university name:Far_Eastern_University_–_Institute_of_Arts_and_Sciences url:http://dbpedia.org/resource/Far_Eastern_University_–_Institute_of_Arts_and_Sciences 
label:organisation id:21060 type:university name:Far_Eastern_University_–_Institute_of_Accounts,_Business_and_Finance url:http://dbpedia.org/resource/Far_Eastern_University_–_Institute_of_Accounts,_Business_and_Finance 
label:organisation id:21061 type:university name:Santa_Isabel_College,_Manila url:http://dbpedia.org/resource/Santa_Isabel_College,_Manila 
label:organisation id:21062 type:university name:Far_Eastern_University url:http://dbpedia.org/resource/Far_Eastern_University 
label:organisation id:21063 type:university name:Technological_University_of_the_Philippines url:http://dbpedia.org/resource/Technological_University_of_the_Philippines 
label:organisation id:21064 type:university name:Colegio_de_la_Inmaculada_Concepcion_de_la_Concordia url:http://dbpedia.org/resource/Colegio_de_la_Inmaculada_Concepcion_de_la_Concordia 
label:organisation id:21065 type:university name:Philippine_College_of_Health_Sciences,_Inc. url:http://dbpedia.org/resource/Philippine_College_of_Health_Sciences,_Inc. 
label:organisation id:21066 type:university name:Philippine_Women's_University url:http://dbpedia.org/resource/Philippine_Women's_University 
label:organisation id:21067 type:university name:Philippine_Women's_University_–_School_of_Fine_Arts_and_Design url:http://dbpedia.org/resource/Philippine_Women's_University_–_School_of_Fine_Arts_and_Design 
label:organisation id:21070 type:university name:Eulogio_Amang_Rodriguez_Institute_of_Science_and_Technology url:http://dbpedia.org/resource/Eulogio_Amang_Rodriguez_Institute_of_Science_and_Technology 
label:organisation id:21071 type:university name:Universidad_De_Manila url:http://dbpedia.org/resource/Universidad_De_Manila 
label:organisation id:21072 type:university name:Polytechnic_University_of_the_Philippines url:http://dbpedia.org/resource/Polytechnic_University_of_the_Philippines 
label:organisation id:21074 type:university name:Paco_Catholic_School url:http://dbpedia.org/resource/Paco_Catholic_School 
label:organisation id:22225 type:university name:University_of_Florida_College_of_Dentistry url:http://dbpedia.org/resource/University_of_Florida_College_of_Dentistry 
label:organisation id:22226 type:university name:J._Hillis_Miller_Health_Science_Center url:http://dbpedia.org/resource/J._Hillis_Miller_Health_Science_Center 
label:organisation id:22227 type:university name:University_of_Florida_Library_West url:http://dbpedia.org/resource/University_of_Florida_Library_West 
label:organisation id:22228 type:university name:Constans_Theatre url:http://dbpedia.org/resource/Constans_Theatre 
label:organisation id:22229 type:university name:University_of_Florida_Career_Resource_Center url:http://dbpedia.org/resource/University_of_Florida_Career_Resource_Center 
label:organisation id:22230 type:university name:University_of_Florida_Center_for_African_Studies url:http://dbpedia.org/resource/University_of_Florida_Center_for_African_Studies 
label:organisation id:22231 type:university name:University_of_Florida_College_of_Health_and_Human_Performance url:http://dbpedia.org/resource/University_of_Florida_College_of_Health_and_Human_Performance 
label:organisation id:22232 type:university name:Theatre_Strike_Force url:http://dbpedia.org/resource/Theatre_Strike_Force 
label:organisation id:22233 type:university name:Lawton_Chiles_Legal_Information_Center url:http://dbpedia.org/resource/Lawton_Chiles_Legal_Information_Center 
label:organisation id:22234 type:university name:University_of_Florida_Architecture_and_Fine_Arts_Library url:http://dbpedia.org/resource/University_of_Florida_Architecture_and_Fine_Arts_Library 
label:organisation id:22295 type:university name:North_Central_Texas_College url:http://dbpedia.org/resource/North_Central_Texas_College 
label:organisation id:22334 type:university name:University_of_Florida_College_of_Education url:http://dbpedia.org/resource/University_of_Florida_College_of_Education 
label:organisation id:22416 type:university name:Santa_Fe_College url:http://dbpedia.org/resource/Santa_Fe_College 
label:organisation id:22417 type:university name:P.K._Yonge_Developmental_Research_School url:http://dbpedia.org/resource/P.K._Yonge_Developmental_Research_School 
label:organisation id:22418 type:university name:University_of_Florida_Center_for_Latin_American_Studies url:http://dbpedia.org/resource/University_of_Florida_Center_for_Latin_American_Studies 
label:organisation id:22419 type:university name:Emerging_Pathogens_Institute url:http://dbpedia.org/resource/Emerging_Pathogens_Institute 
label:organisation id:22420 type:university name:Florida_Institute_for_Sustainable_Energy url:http://dbpedia.org/resource/Florida_Institute_for_Sustainable_Energy 
label:organisation id:22421 type:university name:University_Press_of_Florida url:http://dbpedia.org/resource/University_Press_of_Florida 
label:organisation id:22422 type:university name:UF_Training_Reactor url:http://dbpedia.org/resource/UF_Training_Reactor 
label:organisation id:22423 type:university name:University_of_Florida_College_of_Pharmacy url:http://dbpedia.org/resource/University_of_Florida_College_of_Pharmacy 
label:organisation id:22424 type:university name:Applied_Physics_Research_Group url:http://dbpedia.org/resource/Applied_Physics_Research_Group 
label:organisation id:22589 type:university name:University_of_Florida_College_of_Fine_Arts url:http://dbpedia.org/resource/University_of_Florida_College_of_Fine_Arts 
label:organisation id:22590 type:university name:Plaza_of_the_Americas url:http://dbpedia.org/resource/Plaza_of_the_Americas 
label:organisation id:22591 type:university name:University_of_Florida_International_Center url:http://dbpedia.org/resource/University_of_Florida_International_Center 
label:organisation id:22592 type:university name:Warrington_College_of_Business_Administration url:http://dbpedia.org/resource/Warrington_College_of_Business_Administration 
label:organisation id:22593 type:university name:University_of_Florida_College_of_Veterinary_Medicine url:http://dbpedia.org/resource/University_of_Florida_College_of_Veterinary_Medicine 
label:organisation id:22594 type:university name:University_of_Florida_College_of_Nursing url:http://dbpedia.org/resource/University_of_Florida_College_of_Nursing 
label:organisation id:22595 type:university name:University_of_Florida_student_housing url:http://dbpedia.org/resource/University_of_Florida_student_housing 
label:organisation id:22596 type:university name:University_of_Florida_Marston_Science_Library url:http://dbpedia.org/resource/University_of_Florida_Marston_Science_Library 
label:organisation id:22597 type:university name:University_of_Florida_Leadership_&_Education_Foundation,_Inc. url:http://dbpedia.org/resource/University_of_Florida_Leadership_&_Education_Foundation,_Inc. 
label:organisation id:22598 type:university name:University_of_Florida_College_of_Agricultural_and_Life_Sciences url:http://dbpedia.org/resource/University_of_Florida_College_of_Agricultural_and_Life_Sciences 
label:organisation id:22599 type:university name:Grooveshark_University url:http://dbpedia.org/resource/Grooveshark_University 
label:organisation id:22969 type:university name:University_of_Florida_College_of_Public_Health_and_Health_Professions url:http://dbpedia.org/resource/University_of_Florida_College_of_Public_Health_and_Health_Professions 
label:organisation id:22973 type:university name:University_of_Florida url:http://dbpedia.org/resource/University_of_Florida 
label:organisation id:22974 type:university name:University_of_Florida_College_of_Engineering url:http://dbpedia.org/resource/University_of_Florida_College_of_Engineering 
label:organisation id:22975 type:university name:MacroCenter url:http://dbpedia.org/resource/MacroCenter 
label:organisation id:22976 type:university name:University_of_Florida_Alumni_Association url:http://dbpedia.org/resource/University_of_Florida_Alumni_Association 
label:organisation id:22977 type:university name:University_of_Florida_Division_of_Continuing_Education url:http://dbpedia.org/resource/University_of_Florida_Division_of_Continuing_Education 
label:organisation id:22978 type:university name:University_of_Florida_Athletic_Association url:http://dbpedia.org/resource/University_of_Florida_Athletic_Association 
label:organisation id:16674 type:company name:Flybe url:http://dbpedia.org/resource/Flybe 
label:organisation id:16677 type:company name:British_Caledonian url:http://dbpedia.org/resource/British_Caledonian 
label:organisation id:16678 type:company name:Bmibaby url:http://dbpedia.org/resource/Bmibaby 
label:organisation id:16680 type:company name:British_Mediterranean_Airways url:http://dbpedia.org/resource/British_Mediterranean_Airways 
label:organisation id:16681 type:company name:Jet2.com url:http://dbpedia.org/resource/Jet2.com 
label:organisation id:16682 type:company name:Britannia_Airways url:http://dbpedia.org/resource/Britannia_Airways 
label:organisation id:16689 type:company name:Air_Atlantique url:http://dbpedia.org/resource/Air_Atlantique 
label:organisation id:16690 type:company name:Atlantic_Airlines_(United_Kingdom) url:http://dbpedia.org/resource/Atlantic_Airlines_(United_Kingdom) 
label:organisation id:16691 type:company name:Coyne_Airways url:http://dbpedia.org/resource/Coyne_Airways 
label:organisation id:16695 type:company name:Flyjet url:http://dbpedia.org/resource/Flyjet 
label:organisation id:16697 type:company name:City_Star_Airlines url:http://dbpedia.org/resource/City_Star_Airlines 
label:organisation id:16699 type:company name:Airtours_International_Airways url:http://dbpedia.org/resource/Airtours_International_Airways 
label:organisation id:16700 type:company name:British_International_Helicopters url:http://dbpedia.org/resource/British_International_Helicopters 
label:organisation id:16706 type:company name:BA_CityFlyer url:http://dbpedia.org/resource/BA_CityFlyer 
label:organisation id:16710 type:company name:Zoom_Airlines_Limited url:http://dbpedia.org/resource/Zoom_Airlines_Limited 
label:organisation id:15813 type:company name:Malév_Hungarian_Airlines url:http://dbpedia.org/resource/Malév_Hungarian_Airlines 
label:organisation id:15814 type:company name:Wizz_Air url:http://dbpedia.org/resource/Wizz_Air 
label:organisation id:15815 type:company name:Travel_Service_(Hungary) url:http://dbpedia.org/resource/Travel_Service_(Hungary) 
label:organisation id:15816 type:company name:Budapest_Aircraft_Service url:http://dbpedia.org/resource/Budapest_Aircraft_Service 
label:organisation id:15817 type:company name:ABC_Air_Hungary url:http://dbpedia.org/resource/ABC_Air_Hungary 
label:organisation id:15818 type:company name:CityLine_Hungary url:http://dbpedia.org/resource/CityLine_Hungary 
label:organisation id:16291 type:company name:Palair url:http://dbpedia.org/resource/Palair 
label:organisation id:17061 type:university name:Khazar_University_School_of_Humanities_and_Social_Sciences url:http://dbpedia.org/resource/Khazar_University_School_of_Humanities_and_Social_Sciences 
label:organisation id:17062 type:university name:Dunya_School url:http://dbpedia.org/resource/Dunya_School 
label:organisation id:17063 type:university name:Azerbaijan_State_University_of_Culture_and_Arts url:http://dbpedia.org/resource/Azerbaijan_State_University_of_Culture_and_Arts 
label:organisation id:17064 type:university name:Azerbaijan_Medical_University url:http://dbpedia.org/resource/Azerbaijan_Medical_University 
label:organisation id:17065 type:university name:The_School_of_Education,_Khazar_University url:http://dbpedia.org/resource/The_School_of_Education,_Khazar_University 
label:organisation id:17066 type:university name:Azerbaijan_State_Marine_Academy url:http://dbpedia.org/resource/Azerbaijan_State_Marine_Academy 
label:organisation id:17067 type:university name:Azerbaijan_International_University url:http://dbpedia.org/resource/Azerbaijan_International_University 
label:organisation id:17068 type:university name:The_School_of_Economics_and_Management,_Khazar_University url:http://dbpedia.org/resource/The_School_of_Economics_and_Management,_Khazar_University 
label:organisation id:17069 type:university name:Khazar_University url:http://dbpedia.org/resource/Khazar_University 
label:organisation id:17070 type:university name:Baku_Polytechnicum url:http://dbpedia.org/resource/Baku_Polytechnicum 
label:organisation id:17071 type:university name:Azerbaijan_University_of_Languages url:http://dbpedia.org/resource/Azerbaijan_University_of_Languages 
label:organisation id:17072 type:university name:Azerbaijan_Diplomatic_Academy url:http://dbpedia.org/resource/Azerbaijan_Diplomatic_Academy 
label:organisation id:17073 type:university name:Western_University url:http://dbpedia.org/resource/Western_University 
label:organisation id:17074 type:university name:Baku_Academy_of_Music url:http://dbpedia.org/resource/Baku_Academy_of_Music 
label:organisation id:17075 type:university name:Azerbaijan_State_Economic_University url:http://dbpedia.org/resource/Azerbaijan_State_Economic_University 
label:organisation id:17076 type:university name:Jamshid_Nakhichevanski_Military_Lyceum url:http://dbpedia.org/resource/Jamshid_Nakhichevanski_Military_Lyceum 
label:organisation id:17077 type:university name:Academy_of_Public_Administration url:http://dbpedia.org/resource/Academy_of_Public_Administration 
label:organisation id:17078 type:university name:Baku_State_University url:http://dbpedia.org/resource/Baku_State_University 
label:organisation id:17079 type:university name:Azerbaijan_Architecture_and_Construction_University url:http://dbpedia.org/resource/Azerbaijan_Architecture_and_Construction_University 
label:organisation id:17080 type:university name:Azerbaijan_Technical_University url:http://dbpedia.org/resource/Azerbaijan_Technical_University 
label:organisation id:17495 type:university name:Xi'an_Polytechnic_University url:http://dbpedia.org/resource/Xi'an_Polytechnic_University 
label:organisation id:22166 type:university name:University_of_Missouri_System url:http://dbpedia.org/resource/University_of_Missouri_System 
label:organisation id:22244 type:university name:St._Louis_Community_College-Forest_Park url:http://dbpedia.org/resource/St._Louis_Community_College-Forest_Park 
label:organisation id:22245 type:university name:Concordia_Seminary url:http://dbpedia.org/resource/Concordia_Seminary 
label:organisation id:22246 type:university name:Saint_Louis_University_College_of_Arts_and_Sciences url:http://dbpedia.org/resource/Saint_Louis_University_College_of_Arts_and_Sciences 
label:organisation id:22247 type:university name:John_Cook_School_of_Business url:http://dbpedia.org/resource/John_Cook_School_of_Business 
label:organisation id:22248 type:university name:Aquinas_Institute_of_Theology url:http://dbpedia.org/resource/Aquinas_Institute_of_Theology 
label:organisation id:22249 type:university name:St._Louis_Community_College-Meramec url:http://dbpedia.org/resource/St._Louis_Community_College-Meramec 
label:organisation id:22441 type:university name:St._Louis_Community_College url:http://dbpedia.org/resource/St._Louis_Community_College 
label:organisation id:22442 type:university name:Saint_Louis_University_School_of_Public_Health url:http://dbpedia.org/resource/Saint_Louis_University_School_of_Public_Health 
label:organisation id:22443 type:university name:Arts_and_Sciences_at_Washington_University_in_St._Louis url:http://dbpedia.org/resource/Arts_and_Sciences_at_Washington_University_in_St._Louis 
label:organisation id:22444 type:university name:St._Louis_College_of_Pharmacy url:http://dbpedia.org/resource/St._Louis_College_of_Pharmacy 
label:organisation id:22445 type:university name:Saint_Louis_University_School_for_Professional_Studies url:http://dbpedia.org/resource/Saint_Louis_University_School_for_Professional_Studies 
label:organisation id:22446 type:university name:Parks_College_of_Engineering,_Aviation_and_Technology url:http://dbpedia.org/resource/Parks_College_of_Engineering,_Aviation_and_Technology 
label:organisation id:22447 type:university name:Patricia_Stevens_College url:http://dbpedia.org/resource/Patricia_Stevens_College 
label:organisation id:22620 type:university name:George_Warren_Brown_School_of_Social_Work url:http://dbpedia.org/resource/George_Warren_Brown_School_of_Social_Work 
label:organisation id:22621 type:university name:Saint_Louis_University url:http://dbpedia.org/resource/Saint_Louis_University 
label:organisation id:22622 type:university name:Missouri_Baptist_University url:http://dbpedia.org/resource/Missouri_Baptist_University 
label:organisation id:22623 type:university name:Washington_University_Medical_Center url:http://dbpedia.org/resource/Washington_University_Medical_Center 
label:organisation id:22812 type:university name:Washington_University_School_of_Dental_Medicine url:http://dbpedia.org/resource/Washington_University_School_of_Dental_Medicine 
label:organisation id:22992 type:university name:Olin_Business_School url:http://dbpedia.org/resource/Olin_Business_School 
label:organisation id:22993 type:university name:Washington_University_School_of_Engineering_and_Applied_Science url:http://dbpedia.org/resource/Washington_University_School_of_Engineering_and_Applied_Science 
label:organisation id:22994 type:university name:Washington_University_School_of_Medicine url:http://dbpedia.org/resource/Washington_University_School_of_Medicine 
label:organisation id:22995 type:university name:Saint_Louis_University_School_of_Social_Work url:http://dbpedia.org/resource/Saint_Louis_University_School_of_Social_Work 
label:organisation id:22996 type:university name:Harris–Stowe_State_University url:http://dbpedia.org/resource/Harris–Stowe_State_University 
label:organisation id:22997 type:university name:Covenant_Theological_Seminary url:http://dbpedia.org/resource/Covenant_Theological_Seminary 
label:organisation id:17852 type:university name:Victoria_University_of_Manchester url:http://dbpedia.org/resource/Victoria_University_of_Manchester 
label:organisation id:17870 type:university name:School_of_Medicine,_University_of_Manchester url:http://dbpedia.org/resource/School_of_Medicine,_University_of_Manchester 
label:organisation id:17901 type:university name:Manchester_Business_School url:http://dbpedia.org/resource/Manchester_Business_School 
label:organisation id:21947 type:university name:Nazarene_Theological_College url:http://dbpedia.org/resource/Nazarene_Theological_College 
label:organisation id:21955 type:university name:Manchester_Metropolitan_University_Business_School url:http://dbpedia.org/resource/Manchester_Metropolitan_University_Business_School 
label:organisation id:22030 type:university name:Victoria_University_of_Manchester url:http://dbpedia.org/resource/Victoria_University_of_Manchester 
label:organisation id:22031 type:university name:School_of_Computer_Science,_University_of_Manchester url:http://dbpedia.org/resource/School_of_Computer_Science,_University_of_Manchester 
label:organisation id:22045 type:university name:Manchester_Business_School url:http://dbpedia.org/resource/Manchester_Business_School 
label:organisation id:22046 type:university name:University_of_Manchester url:http://dbpedia.org/resource/University_of_Manchester 
label:organisation id:22141 type:university name:Southern_New_Hampshire_University url:http://dbpedia.org/resource/Southern_New_Hampshire_University 
label:organisation id:22325 type:university name:Manchester_Community_College url:http://dbpedia.org/resource/Manchester_Community_College 
label:organisation id:22876 type:university name:New_Hampshire_Institute_of_Art url:http://dbpedia.org/resource/New_Hampshire_Institute_of_Art 
label:organisation id:22877 type:university name:University_of_New_Hampshire_at_Manchester url:http://dbpedia.org/resource/University_of_New_Hampshire_at_Manchester 
label:organisation id:22878 type:university name:Hesser_College url:http://dbpedia.org/resource/Hesser_College 
label:organisation id:21917 type:university name:Dnipropetrovsk_National_University url:http://dbpedia.org/resource/Dnipropetrovsk_National_University 
label:organisation id:21918 type:university name:Alfred_Nobel_University,_Dnipropetrovs'k,_Ukraine url:http://dbpedia.org/resource/Alfred_Nobel_University,_Dnipropetrovs'k,_Ukraine 
label:organisation id:21919 type:university name:National_Mining_University_of_Ukraine url:http://dbpedia.org/resource/National_Mining_University_of_Ukraine 
label:organisation id:21929 type:university name:Prydniprovska_State_Academy_of_Civil_Engineering_and_Architecture url:http://dbpedia.org/resource/Prydniprovska_State_Academy_of_Civil_Engineering_and_Architecture 
label:organisation id:21732 type:university name:Hsuan_Chuang_University url:http://dbpedia.org/resource/Hsuan_Chuang_University 
label:organisation id:21733 type:university name:Chung_Hua_University url:http://dbpedia.org/resource/Chung_Hua_University 
label:organisation id:21736 type:university name:National_Tsing_Hua_University url:http://dbpedia.org/resource/National_Tsing_Hua_University 
label:organisation id:21737 type:university name:National_Chiao_Tung_University url:http://dbpedia.org/resource/National_Chiao_Tung_University 
label:organisation id:21920 type:university name:OSEU url:http://dbpedia.org/resource/OSEU 
label:organisation id:21921 type:university name:Odessa_National_Polytechnic_University url:http://dbpedia.org/resource/Odessa_National_Polytechnic_University 
label:organisation id:21930 type:university name:Odessa_University url:http://dbpedia.org/resource/Odessa_University 
label:organisation id:21946 type:university name:Odessa_State_Medical_University url:http://dbpedia.org/resource/Odessa_State_Medical_University 
label:organisation id:22159 type:university name:Odessa_College url:http://dbpedia.org/resource/Odessa_College 
label:organisation id:22897 type:university name:University_of_Texas_of_the_Permian_Basin url:http://dbpedia.org/resource/University_of_Texas_of_the_Permian_Basin 
label:organisation id:20842 type:university name:San_Carlos_Seminary url:http://dbpedia.org/resource/San_Carlos_Seminary 
label:organisation id:20843 type:university name:University_of_Makati url:http://dbpedia.org/resource/University_of_Makati 
label:organisation id:20953 type:university name:Asian_Institute_of_Management url:http://dbpedia.org/resource/Asian_Institute_of_Management 
label:organisation id:20985 type:university name:Asia_Pacific_College url:http://dbpedia.org/resource/Asia_Pacific_College 
label:organisation id:20986 type:university name:Saint_Paul_College_of_Makati url:http://dbpedia.org/resource/Saint_Paul_College_of_Makati 
label:organisation id:21030 type:university name:Asian_Seminary_of_Christian_Ministries url:http://dbpedia.org/resource/Asian_Seminary_of_Christian_Ministries 
label:organisation id:18304 type:university name:A.V.V.M_Sri_Pushpam_college url:http://dbpedia.org/resource/A.V.V.M_Sri_Pushpam_college 
label:organisation id:18305 type:university name:Shanmugha_Arts,_Science,_Technology_&_Research_Academy url:http://dbpedia.org/resource/Shanmugha_Arts,_Science,_Technology_&_Research_Academy 
label:organisation id:19231 type:university name:Parisutham_Institute_of_Technology_and_Science url:http://dbpedia.org/resource/Parisutham_Institute_of_Technology_and_Science 
label:organisation id:19508 type:university name:Rajah_Serfoji_Government_Arts_College url:http://dbpedia.org/resource/Rajah_Serfoji_Government_Arts_College 
label:organisation id:19509 type:university name:Kunthavai_Nachiaar_College url:http://dbpedia.org/resource/Kunthavai_Nachiaar_College 
label:organisation id:19510 type:university name:Bonsecours_College_for_Women url:http://dbpedia.org/resource/Bonsecours_College_for_Women 
label:organisation id:21714 type:university name:National_University_of_Tainan url:http://dbpedia.org/resource/National_University_of_Tainan 
label:organisation id:21719 type:university name:NCKU_IMBA url:http://dbpedia.org/resource/NCKU_IMBA 
label:organisation id:21726 type:university name:Chang_Jung_Christian_University url:http://dbpedia.org/resource/Chang_Jung_Christian_University 
label:organisation id:21727 type:university name:National_Cheng_Kung_University url:http://dbpedia.org/resource/National_Cheng_Kung_University 
label:organisation id:21728 type:university name:Southern_Taiwan_University_of_Technology url:http://dbpedia.org/resource/Southern_Taiwan_University_of_Technology 
label:organisation id:21739 type:university name:Chia_Nan_University_of_Pharmacy_&_Science url:http://dbpedia.org/resource/Chia_Nan_University_of_Pharmacy_&_Science 
label:organisation id:20045 type:university name:Senshu_University url:http://dbpedia.org/resource/Senshu_University 
label:organisation id:20046 type:university name:Meiji_University url:http://dbpedia.org/resource/Meiji_University 
label:organisation id:20090 type:university name:Otsuma_Women's_University_Junior_College_Division url:http://dbpedia.org/resource/Otsuma_Women's_University_Junior_College_Division 
label:organisation id:20135 type:university name:Kyoritsu_Women's_Junior_College url:http://dbpedia.org/resource/Kyoritsu_Women's_Junior_College 
label:organisation id:20170 type:university name:Sophia_University url:http://dbpedia.org/resource/Sophia_University 
label:organisation id:20171 type:university name:Nihon_University url:http://dbpedia.org/resource/Nihon_University 
label:organisation id:17902 type:university name:Liverpool_Business_School url:http://dbpedia.org/resource/Liverpool_Business_School 
label:organisation id:17903 type:university name:Liverpool_Dental_School url:http://dbpedia.org/resource/Liverpool_Dental_School 
label:organisation id:21978 type:university name:I_M_Marsh_Campus url:http://dbpedia.org/resource/I_M_Marsh_Campus 
label:organisation id:21979 type:university name:University_of_Liverpool_School_of_Veterinary_Science url:http://dbpedia.org/resource/University_of_Liverpool_School_of_Veterinary_Science 
label:organisation id:22035 type:university name:The_School_of_Archaeology,_Classics_and_Egyptology url:http://dbpedia.org/resource/The_School_of_Archaeology,_Classics_and_Egyptology 
label:organisation id:22048 type:university name:Liverpool_Dental_School url:http://dbpedia.org/resource/Liverpool_Dental_School 
label:organisation id:18406 type:university name:State_Council_for_Technical_Education_&_Vocational_Training url:http://dbpedia.org/resource/State_Council_for_Technical_Education_&_Vocational_Training 
label:organisation id:18949 type:university name:Rajendra_College_Balangir url:http://dbpedia.org/resource/Rajendra_College_Balangir 
label:organisation id:19321 type:university name:Sanjay_Memorial_Institute_of_Technology url:http://dbpedia.org/resource/Sanjay_Memorial_Institute_of_Technology 
label:organisation id:19617 type:university name:Ravenshaw_University url:http://dbpedia.org/resource/Ravenshaw_University 
label:organisation id:19618 type:university name:College_of_Agricultural_Engineering_&_Technology,_Bhubaneswar url:http://dbpedia.org/resource/College_of_Agricultural_Engineering_&_Technology,_Bhubaneswar 
label:organisation id:19619 type:university name:Ghanashyama_Hemalata_Institute_of_Technology_and_Management url:http://dbpedia.org/resource/Ghanashyama_Hemalata_Institute_of_Technology_and_Management 
label:organisation id:21222 type:university name:Technical_Military_Academy_of_Bucharest url:http://dbpedia.org/resource/Technical_Military_Academy_of_Bucharest 
label:organisation id:21223 type:university name:National_Academy_of_Physical_Education_and_Sport url:http://dbpedia.org/resource/National_Academy_of_Physical_Education_and_Sport 
label:organisation id:21235 type:university name:Carol_Davila_University_of_Medicine_and_Pharmacy url:http://dbpedia.org/resource/Carol_Davila_University_of_Medicine_and_Pharmacy 
label:organisation id:21249 type:university name:Politehnica_University_of_Bucharest url:http://dbpedia.org/resource/Politehnica_University_of_Bucharest 
label:organisation id:21250 type:university name:University_of_Bucharest url:http://dbpedia.org/resource/University_of_Bucharest 
label:organisation id:21253 type:university name:Caragiale_Academy_of_Theatrical_Arts_and_Cinematography url:http://dbpedia.org/resource/Caragiale_Academy_of_Theatrical_Arts_and_Cinematography 
label:organisation id:21254 type:university name:National_University_of_Music_Bucharest url:http://dbpedia.org/resource/National_University_of_Music_Bucharest 
label:organisation id:21255 type:university name:Carol_I_National_Defence_University url:http://dbpedia.org/resource/Carol_I_National_Defence_University 
label:organisation id:18509 type:university name:Bengal_College_of_Engineering_&_Technology url:http://dbpedia.org/resource/Bengal_College_of_Engineering_&_Technology 
label:organisation id:18510 type:university name:Michael_Madhusudan_Memorial_College url:http://dbpedia.org/resource/Michael_Madhusudan_Memorial_College 
label:organisation id:18840 type:university name:Durgapur_Government_College url:http://dbpedia.org/resource/Durgapur_Government_College 
label:organisation id:18841 type:university name:National_Institute_of_Technology,_Durgapur url:http://dbpedia.org/resource/National_Institute_of_Technology,_Durgapur 
label:organisation id:18842 type:university name:Dr._B.C._Roy_Engineering_College,_Durgapur url:http://dbpedia.org/resource/Dr._B.C._Roy_Engineering_College,_Durgapur 
label:organisation id:18843 type:university name:Durgapur_Women's_College url:http://dbpedia.org/resource/Durgapur_Women's_College 
label:organisation id:19192 type:university name:Aryabhatta_Institute_of_Engineering_and_Management url:http://dbpedia.org/resource/Aryabhatta_Institute_of_Engineering_and_Management 
label:organisation id:19486 type:university name:Department_of_Computer_Applications,_NSHM_Knowledge_Campus url:http://dbpedia.org/resource/Department_of_Computer_Applications,_NSHM_Knowledge_Campus 
label:organisation id:19487 type:university name:Aryabhatta_Institute_of_Engineering_&_Management_Durgapur url:http://dbpedia.org/resource/Aryabhatta_Institute_of_Engineering_&_Management_Durgapur 
label:organisation id:21705 type:university name:International_University_in_Geneva url:http://dbpedia.org/resource/International_University_in_Geneva 
label:organisation id:21706 type:university name:Geneva_University_of_Music url:http://dbpedia.org/resource/Geneva_University_of_Music 
label:organisation id:21707 type:university name:Geneva_Business_School url:http://dbpedia.org/resource/Geneva_Business_School 
label:organisation id:21708 type:university name:Institut_de_Finance_et_Management url:http://dbpedia.org/resource/Institut_de_Finance_et_Management 
label:organisation id:21710 type:university name:Webster_University_Geneva url:http://dbpedia.org/resource/Webster_University_Geneva 
label:organisation id:21711 type:university name:University_of_Geneva url:http://dbpedia.org/resource/University_of_Geneva 
label:organisation id:21712 type:university name:Graduate_Institute_of_International_and_Development_Studies url:http://dbpedia.org/resource/Graduate_Institute_of_International_and_Development_Studies 
label:organisation id:22810 type:university name:Geneva_Medical_College url:http://dbpedia.org/resource/Geneva_Medical_College 
label:organisation id:23086 type:university name:Hobart_and_William_Smith_Colleges url:http://dbpedia.org/resource/Hobart_and_William_Smith_Colleges 
label:organisation id:20047 type:university name:Nanzan_University url:http://dbpedia.org/resource/Nanzan_University 
label:organisation id:20048 type:university name:Nagoya_City_University url:http://dbpedia.org/resource/Nagoya_City_University 
label:organisation id:20049 type:university name:Nagoya_Gakuin_University url:http://dbpedia.org/resource/Nagoya_Gakuin_University 
label:organisation id:20050 type:university name:Toyota_Technological_Institute url:http://dbpedia.org/resource/Toyota_Technological_Institute 
label:organisation id:20092 type:university name:Sugiyama_Jogakuen_University_Junior_College url:http://dbpedia.org/resource/Sugiyama_Jogakuen_University_Junior_College 
label:organisation id:20136 type:university name:Nagoya_Women's_University url:http://dbpedia.org/resource/Nagoya_Women's_University 
label:organisation id:20137 type:university name:Nagoya_Institute_of_Technology url:http://dbpedia.org/resource/Nagoya_Institute_of_Technology 
label:organisation id:20138 type:university name:Nagoya_University url:http://dbpedia.org/resource/Nagoya_University 
label:organisation id:20174 type:university name:Tokai_Gakuen_Women's_College url:http://dbpedia.org/resource/Tokai_Gakuen_Women's_College 
label:organisation id:18535 type:university name:National_Institute_of_Fashion_Technology_Shillong url:http://dbpedia.org/resource/National_Institute_of_Fashion_Technology_Shillong 
label:organisation id:18536 type:university name:National_Institute_of_Technology_Meghalaya url:http://dbpedia.org/resource/National_Institute_of_Technology_Meghalaya 
label:organisation id:19352 type:university name:St._Anthony's_College,_Shillong url:http://dbpedia.org/resource/St._Anthony's_College,_Shillong 
label:organisation id:19353 type:university name:Eastern_Fare_Music_Foundation url:http://dbpedia.org/resource/Eastern_Fare_Music_Foundation 
label:organisation id:19354 type:university name:Shillong_Polytechnic url:http://dbpedia.org/resource/Shillong_Polytechnic 
label:organisation id:19355 type:university name:Women's_College,_Shillong url:http://dbpedia.org/resource/Women's_College,_Shillong 
label:organisation id:19656 type:university name:Indian_Institute_of_Management_Shillong url:http://dbpedia.org/resource/Indian_Institute_of_Management_Shillong 
label:organisation id:19657 type:university name:North_Eastern_Hill_University url:http://dbpedia.org/resource/North_Eastern_Hill_University 
label:organisation id:19658 type:university name:Martin_Luther_Christian_University url:http://dbpedia.org/resource/Martin_Luther_Christian_University 
label:organisation id:19795 type:university name:Bandung_Institute_of_Technology url:http://dbpedia.org/resource/Bandung_Institute_of_Technology 
label:organisation id:19817 type:university name:Maranatha_Christian_University url:http://dbpedia.org/resource/Maranatha_Christian_University 
label:organisation id:19818 type:university name:Indonesia_University_of_Education url:http://dbpedia.org/resource/Indonesia_University_of_Education 
label:organisation id:19819 type:university name:Padjadjaran_University url:http://dbpedia.org/resource/Padjadjaran_University 
label:organisation id:19833 type:university name:Indonesian_Adventist_University url:http://dbpedia.org/resource/Indonesian_Adventist_University 
label:organisation id:19834 type:university name:Telkom_Institute_of_Technology url:http://dbpedia.org/resource/Telkom_Institute_of_Technology 
label:organisation id:19835 type:university name:Telkom_Institute_of_Management url:http://dbpedia.org/resource/Telkom_Institute_of_Management 
label:organisation id:19859 type:university name:Parahyangan_Catholic_University url:http://dbpedia.org/resource/Parahyangan_Catholic_University 
label:organisation id:19860 type:university name:Bandung_Islamic_University url:http://dbpedia.org/resource/Bandung_Islamic_University 
label:organisation id:21341 type:university name:Omsk_State_University url:http://dbpedia.org/resource/Omsk_State_University 
label:organisation id:21342 type:university name:The_Omsk_Law_Institute url:http://dbpedia.org/resource/The_Omsk_Law_Institute 
label:organisation id:21408 type:university name:Omsk_State_Technical_University url:http://dbpedia.org/resource/Omsk_State_Technical_University 
label:organisation id:21305 type:university name:Vladivostok_State_Medical_University url:http://dbpedia.org/resource/Vladivostok_State_Medical_University 
label:organisation id:21326 type:university name:Vladivostok_State_University_of_Economics_and_Service url:http://dbpedia.org/resource/Vladivostok_State_University_of_Economics_and_Service 
label:organisation id:21343 type:university name:Far_Eastern_Federal_University url:http://dbpedia.org/resource/Far_Eastern_Federal_University 
label:organisation id:21672 type:university name:Uppsala_University url:http://dbpedia.org/resource/Uppsala_University 
label:organisation id:21690 type:university name:Newman_Institute url:http://dbpedia.org/resource/Newman_Institute 
label:organisation id:21694 type:university name:Swedish_University_of_Agricultural_Sciences url:http://dbpedia.org/resource/Swedish_University_of_Agricultural_Sciences 
label:organisation id:21448 type:university name:ML_Sultan_Technikon url:http://dbpedia.org/resource/ML_Sultan_Technikon 
label:organisation id:21469 type:university name:Durban_University_of_Technology url:http://dbpedia.org/resource/Durban_University_of_Technology 
label:organisation id:21470 type:university name:Technikon_Natal url:http://dbpedia.org/resource/Technikon_Natal 
label:organisation id:20062 type:university name:The_International_University_of_Kagoshima url:http://dbpedia.org/resource/The_International_University_of_Kagoshima 
label:organisation id:20063 type:university name:Kagoshima_University url:http://dbpedia.org/resource/Kagoshima_University 
label:organisation id:20107 type:university name:Kagoshima_Immaculate_Heart_College url:http://dbpedia.org/resource/Kagoshima_Immaculate_Heart_College 
label:organisation id:20273 type:university name:Multimedia_University url:http://dbpedia.org/resource/Multimedia_University 
label:organisation id:20288 type:university name:Limkokwing_University_of_Creative_Technology url:http://dbpedia.org/resource/Limkokwing_University_of_Creative_Technology 
label:organisation id:20306 type:university name:Limkokwing_Academy_of_Creativity_and_Innovation url:http://dbpedia.org/resource/Limkokwing_Academy_of_Creativity_and_Innovation 
