label:tag id:23236 name:Hamid_Karzai url:http://dbpedia.org/resource/Hamid_Karzai 
label:tag id:23251 name:José_de_San_Martín url:http://dbpedia.org/resource/José_de_San_Martín 
label:tag id:23269 name:Cristina_Fernández_de_Kirchner url:http://dbpedia.org/resource/Cristina_Fernández_de_Kirchner 
label:tag id:23274 name:Juan_Manuel_de_Rosas url:http://dbpedia.org/resource/Juan_Manuel_de_Rosas 
label:tag id:23294 name:John_Howard url:http://dbpedia.org/resource/John_Howard 
label:tag id:23297 name:Kevin_Rudd url:http://dbpedia.org/resource/Kevin_Rudd 
label:tag id:23299 name:Robert_Menzies url:http://dbpedia.org/resource/Robert_Menzies 
label:tag id:23305 name:Bob_Hawke url:http://dbpedia.org/resource/Bob_Hawke 
label:tag id:23310 name:Paul_Keating url:http://dbpedia.org/resource/Paul_Keating 
label:tag id:23313 name:Malcolm_Fraser url:http://dbpedia.org/resource/Malcolm_Fraser 
label:tag id:23348 name:Ben_Chifley url:http://dbpedia.org/resource/Ben_Chifley 
label:tag id:23349 name:Jeff_Kennett url:http://dbpedia.org/resource/Jeff_Kennett 
label:tag id:23356 name:John_Forrest url:http://dbpedia.org/resource/John_Forrest 
label:tag id:23361 name:Harold_Holt url:http://dbpedia.org/resource/Harold_Holt 
label:tag id:23365 name:Kim_Beazley url:http://dbpedia.org/resource/Kim_Beazley 
label:tag id:23366 name:Bob_Carr url:http://dbpedia.org/resource/Bob_Carr 
label:tag id:23367 name:Alfred_Deakin url:http://dbpedia.org/resource/Alfred_Deakin 
label:tag id:23369 name:James_Scullin url:http://dbpedia.org/resource/James_Scullin 
label:tag id:23376 name:Arnold_Schwarzenegger url:http://dbpedia.org/resource/Arnold_Schwarzenegger 
label:tag id:23431 name:Ilham_Aliyev url:http://dbpedia.org/resource/Ilham_Aliyev 
label:tag id:23435 name:Menachem_Begin url:http://dbpedia.org/resource/Menachem_Begin 
label:tag id:23479 name:Evo_Morales url:http://dbpedia.org/resource/Evo_Morales 
label:tag id:23483 name:Luiz_Inácio_Lula_da_Silva url:http://dbpedia.org/resource/Luiz_Inácio_Lula_da_Silva 
label:tag id:23509 name:Aung_San_Suu_Kyi url:http://dbpedia.org/resource/Aung_San_Suu_Kyi 
label:tag id:23516 name:Stephen_Harper url:http://dbpedia.org/resource/Stephen_Harper 
label:tag id:23518 name:Pierre_Trudeau url:http://dbpedia.org/resource/Pierre_Trudeau 
label:tag id:23524 name:Jean_Chrétien url:http://dbpedia.org/resource/Jean_Chrétien 
label:tag id:23530 name:William_Lyon_Mackenzie_King url:http://dbpedia.org/resource/William_Lyon_Mackenzie_King 
label:tag id:23541 name:Wilfrid_Laurier url:http://dbpedia.org/resource/Wilfrid_Laurier 
label:tag id:23561 name:Robert_Borden url:http://dbpedia.org/resource/Robert_Borden 
label:tag id:23562 name:Bob_Rae url:http://dbpedia.org/resource/Bob_Rae 
label:tag id:23566 name:Mike_Harris url:http://dbpedia.org/resource/Mike_Harris 
label:tag id:23571 name:Jean_Charest url:http://dbpedia.org/resource/Jean_Charest 
label:tag id:23577 name:Dalton_McGuinty url:http://dbpedia.org/resource/Dalton_McGuinty 
label:tag id:23578 name:Max_Aitken,_Lord_Beaverbrook url:http://dbpedia.org/resource/Max_Aitken,_Lord_Beaverbrook 
label:tag id:23581 name:Jack_Layton url:http://dbpedia.org/resource/Jack_Layton 
label:tag id:23586 name:Michael_Ignatieff url:http://dbpedia.org/resource/Michael_Ignatieff 
label:tag id:23604 name:Kim_Campbell url:http://dbpedia.org/resource/Kim_Campbell 
label:tag id:23620 name:David_Peterson url:http://dbpedia.org/resource/David_Peterson 
label:tag id:23632 name:Robert_Bourassa url:http://dbpedia.org/resource/Robert_Bourassa 
label:tag id:23651 name:Michelle_Bachelet url:http://dbpedia.org/resource/Michelle_Bachelet 
label:tag id:23655 name:Deng_Xiaoping url:http://dbpedia.org/resource/Deng_Xiaoping 
label:tag id:23656 name:Hu_Jintao url:http://dbpedia.org/resource/Hu_Jintao 
label:tag id:23658 name:Zhou_Enlai url:http://dbpedia.org/resource/Zhou_Enlai 
label:tag id:23663 name:Wen_Jiabao url:http://dbpedia.org/resource/Wen_Jiabao 
label:tag id:23694 name:Fidel_Castro url:http://dbpedia.org/resource/Fidel_Castro 
label:tag id:23719 name:Václav_Havel url:http://dbpedia.org/resource/Václav_Havel 
label:tag id:23722 name:Madeleine_Albright url:http://dbpedia.org/resource/Madeleine_Albright 
label:tag id:23777 name:Rafael_Trujillo url:http://dbpedia.org/resource/Rafael_Trujillo 
label:tag id:23779 name:Gamal_Abdel_Nasser url:http://dbpedia.org/resource/Gamal_Abdel_Nasser 
label:tag id:23784 name:Boutros_Boutros-Ghali url:http://dbpedia.org/resource/Boutros_Boutros-Ghali 
label:tag id:23796 name:Alfred_Rosenberg url:http://dbpedia.org/resource/Alfred_Rosenberg 
label:tag id:23799 name:Siad_Barre url:http://dbpedia.org/resource/Siad_Barre 
label:tag id:23804 name:Charles_de_Gaulle url:http://dbpedia.org/resource/Charles_de_Gaulle 
label:tag id:23812 name:Nicolas_Sarkozy url:http://dbpedia.org/resource/Nicolas_Sarkozy 
label:tag id:23816 name:Jacques_Chirac url:http://dbpedia.org/resource/Jacques_Chirac 
label:tag id:23828 name:François_Mitterrand url:http://dbpedia.org/resource/François_Mitterrand 
label:tag id:23851 name:Philippe_Pétain url:http://dbpedia.org/resource/Philippe_Pétain 
label:tag id:23868 name:Maximilien_Robespierre url:http://dbpedia.org/resource/Maximilien_Robespierre 
label:tag id:23930 name:Jean-Baptiste_Colbert url:http://dbpedia.org/resource/Jean-Baptiste_Colbert 
label:tag id:23991 name:Georges_Pompidou url:http://dbpedia.org/resource/Georges_Pompidou 
label:tag id:24027 name:Heinrich_Himmler url:http://dbpedia.org/resource/Heinrich_Himmler 
label:tag id:24029 name:Hermann_Göring url:http://dbpedia.org/resource/Hermann_Göring 
label:tag id:24030 name:Henry_Kissinger url:http://dbpedia.org/resource/Henry_Kissinger 
label:tag id:24032 name:Otto_von_Bismarck url:http://dbpedia.org/resource/Otto_von_Bismarck 
label:tag id:24054 name:Angela_Merkel url:http://dbpedia.org/resource/Angela_Merkel 
label:tag id:24070 name:William_the_Silent url:http://dbpedia.org/resource/William_the_Silent 
label:tag id:24079 name:Konrad_Adenauer url:http://dbpedia.org/resource/Konrad_Adenauer 
label:tag id:24091 name:Albert_Speer url:http://dbpedia.org/resource/Albert_Speer 
label:tag id:24097 name:Helmut_Kohl url:http://dbpedia.org/resource/Helmut_Kohl 
label:tag id:24098 name:Reinhard_Heydrich url:http://dbpedia.org/resource/Reinhard_Heydrich 
label:tag id:24099 name:Gerhard_Schröder url:http://dbpedia.org/resource/Gerhard_Schröder 
label:tag id:24111 name:Klemens_von_Metternich url:http://dbpedia.org/resource/Klemens_von_Metternich 
label:tag id:24122 name:Joachim_von_Ribbentrop url:http://dbpedia.org/resource/Joachim_von_Ribbentrop 
label:tag id:24131 name:Maurice_of_Nassau,_Prince_of_Orange url:http://dbpedia.org/resource/Maurice_of_Nassau,_Prince_of_Orange 
label:tag id:24205 name:Martin_Bormann url:http://dbpedia.org/resource/Martin_Bormann 
label:tag id:24208 name:Carl_Schurz url:http://dbpedia.org/resource/Carl_Schurz 
label:tag id:24213 name:Mustafa_Kemal_Atatürk url:http://dbpedia.org/resource/Mustafa_Kemal_Atatürk 
label:tag id:24228 name:Enver_Hoxha url:http://dbpedia.org/resource/Enver_Hoxha 
label:tag id:24230 name:Eleftherios_Venizelos url:http://dbpedia.org/resource/Eleftherios_Venizelos 
label:tag id:24259 name:Jawaharlal_Nehru url:http://dbpedia.org/resource/Jawaharlal_Nehru 
label:tag id:24262 name:Indira_Gandhi url:http://dbpedia.org/resource/Indira_Gandhi 
label:tag id:24264 name:Pervez_Musharraf url:http://dbpedia.org/resource/Pervez_Musharraf 
label:tag id:24280 name:Rajiv_Gandhi url:http://dbpedia.org/resource/Rajiv_Gandhi 
label:tag id:24285 name:Muhammad_Zia-ul-Haq url:http://dbpedia.org/resource/Muhammad_Zia-ul-Haq 
label:tag id:24298 name:N._T._Rama_Rao url:http://dbpedia.org/resource/N._T._Rama_Rao 
label:tag id:24305 name:Dharmendra url:http://dbpedia.org/resource/Dharmendra 
label:tag id:24306 name:A._P._J._Abdul_Kalam url:http://dbpedia.org/resource/A._P._J._Abdul_Kalam 
label:tag id:24332 name:Rajendra_Prasad url:http://dbpedia.org/resource/Rajendra_Prasad 
label:tag id:24348 name:C._Rajagopalachari url:http://dbpedia.org/resource/C._Rajagopalachari 
label:tag id:24351 name:Vallabhbhai_Patel url:http://dbpedia.org/resource/Vallabhbhai_Patel 
label:tag id:24354 name:P._V._Narasimha_Rao url:http://dbpedia.org/resource/P._V._Narasimha_Rao 
label:tag id:24356 name:Sarvepalli_Radhakrishnan url:http://dbpedia.org/resource/Sarvepalli_Radhakrishnan 
label:tag id:24386 name:Susilo_Bambang_Yudhoyono url:http://dbpedia.org/resource/Susilo_Bambang_Yudhoyono 
label:tag id:24388 name:Mahmoud_Ahmadinejad url:http://dbpedia.org/resource/Mahmoud_Ahmadinejad 
label:tag id:24391 name:Ali_Khamenei url:http://dbpedia.org/resource/Ali_Khamenei 
label:tag id:24392 name:Mohammad_Khatami url:http://dbpedia.org/resource/Mohammad_Khatami 
label:tag id:24402 name:Mahmoud_Abbas url:http://dbpedia.org/resource/Mahmoud_Abbas 
label:tag id:24403 name:Ehud_Olmert url:http://dbpedia.org/resource/Ehud_Olmert 
label:tag id:24430 name:Silvio_Berlusconi url:http://dbpedia.org/resource/Silvio_Berlusconi 
label:tag id:24488 name:Romano_Prodi url:http://dbpedia.org/resource/Romano_Prodi 
label:tag id:24494 name:Cardinal_Mazarin url:http://dbpedia.org/resource/Cardinal_Mazarin 
label:tag id:24575 name:Sonia_Gandhi url:http://dbpedia.org/resource/Sonia_Gandhi 
label:tag id:24599 name:Giulio_Andreotti url:http://dbpedia.org/resource/Giulio_Andreotti 
label:tag id:24617 name:Junichiro_Koizumi url:http://dbpedia.org/resource/Junichiro_Koizumi 
label:tag id:24621 name:Hideki_Tōjō url:http://dbpedia.org/resource/Hideki_Tōjō 
label:tag id:24629 name:Lee_Myung-bak url:http://dbpedia.org/resource/Lee_Myung-bak 
label:tag id:24638 name:Nursultan_Nazarbayev url:http://dbpedia.org/resource/Nursultan_Nazarbayev 
label:tag id:24640 name:Peter_Hain url:http://dbpedia.org/resource/Peter_Hain 
label:tag id:24641 name:Daniel_arap_Moi url:http://dbpedia.org/resource/Daniel_arap_Moi 
label:tag id:24649 name:Józef_Piłsudski url:http://dbpedia.org/resource/Józef_Piłsudski 
label:tag id:24653 name:Mahathir_Mohamad url:http://dbpedia.org/resource/Mahathir_Mohamad 
label:tag id:24654 name:Abdullah_Ahmad_Badawi url:http://dbpedia.org/resource/Abdullah_Ahmad_Badawi 
label:tag id:24656 name:Tunku_Abdul_Rahman url:http://dbpedia.org/resource/Tunku_Abdul_Rahman 
label:tag id:24661 name:Antonio_López_de_Santa_Anna url:http://dbpedia.org/resource/Antonio_López_de_Santa_Anna 
label:tag id:24663 name:Felipe_Calderón url:http://dbpedia.org/resource/Felipe_Calderón 
label:tag id:24730 name:Peter_Stuyvesant url:http://dbpedia.org/resource/Peter_Stuyvesant 
label:tag id:24736 name:Joh_Bjelke-Petersen url:http://dbpedia.org/resource/Joh_Bjelke-Petersen 
label:tag id:24741 name:Muhammad_Ali_Jinnah url:http://dbpedia.org/resource/Muhammad_Ali_Jinnah 
label:tag id:24742 name:Manmohan_Singh url:http://dbpedia.org/resource/Manmohan_Singh 
label:tag id:24743 name:Benazir_Bhutto url:http://dbpedia.org/resource/Benazir_Bhutto 
label:tag id:24744 name:Zulfikar_Ali_Bhutto url:http://dbpedia.org/resource/Zulfikar_Ali_Bhutto 
label:tag id:24748 name:Nawaz_Sharif url:http://dbpedia.org/resource/Nawaz_Sharif 
label:tag id:24750 name:Asif_Ali_Zardari url:http://dbpedia.org/resource/Asif_Ali_Zardari 
label:tag id:24752 name:Yousaf_Raza_Gillani url:http://dbpedia.org/resource/Yousaf_Raza_Gillani 
label:tag id:24763 name:Alberto_Fujimori url:http://dbpedia.org/resource/Alberto_Fujimori 
label:tag id:24767 name:Alan_García url:http://dbpedia.org/resource/Alan_García 
label:tag id:24768 name:Gloria_Macapagal-Arroyo url:http://dbpedia.org/resource/Gloria_Macapagal-Arroyo 
label:tag id:24769 name:Ferdinand_Marcos url:http://dbpedia.org/resource/Ferdinand_Marcos 
label:tag id:24770 name:Corazon_Aquino url:http://dbpedia.org/resource/Corazon_Aquino 
label:tag id:24772 name:Fidel_V._Ramos url:http://dbpedia.org/resource/Fidel_V._Ramos 
label:tag id:24775 name:Manuel_L._Quezon url:http://dbpedia.org/resource/Manuel_L._Quezon 
label:tag id:24776 name:Benigno_Aquino_III url:http://dbpedia.org/resource/Benigno_Aquino_III 
label:tag id:24777 name:Imelda_Marcos url:http://dbpedia.org/resource/Imelda_Marcos 
label:tag id:24778 name:Benigno_Aquino,_Jr. url:http://dbpedia.org/resource/Benigno_Aquino,_Jr. 
label:tag id:24785 name:David_Ben-Gurion url:http://dbpedia.org/resource/David_Ben-Gurion 
label:tag id:24791 name:Lech_Kaczyński url:http://dbpedia.org/resource/Lech_Kaczyński 
label:tag id:24792 name:Lech_Wałęsa url:http://dbpedia.org/resource/Lech_Wałęsa 
label:tag id:24801 name:Rosa_Luxemburg url:http://dbpedia.org/resource/Rosa_Luxemburg 
label:tag id:24819 name:Zbigniew_Brzezinski url:http://dbpedia.org/resource/Zbigniew_Brzezinski 
label:tag id:24832 name:António_de_Oliveira_Salazar url:http://dbpedia.org/resource/António_de_Oliveira_Salazar 
label:tag id:24836 name:José_Manuel_Barroso url:http://dbpedia.org/resource/José_Manuel_Barroso 
label:tag id:24837 name:George_Grey url:http://dbpedia.org/resource/George_Grey 
label:tag id:24866 name:Mary_Robinson url:http://dbpedia.org/resource/Mary_Robinson 
label:tag id:24869 name:Brian_Cowen url:http://dbpedia.org/resource/Brian_Cowen 
label:tag id:24876 name:Robert_Stewart,_Viscount_Castlereagh url:http://dbpedia.org/resource/Robert_Stewart,_Viscount_Castlereagh 
label:tag id:24881 name:Nicolae_Ceaușescu url:http://dbpedia.org/resource/Nicolae_Ceaușescu 
label:tag id:24898 name:Traian_Băsescu url:http://dbpedia.org/resource/Traian_Băsescu 
label:tag id:24903 name:Vladimir_Lenin url:http://dbpedia.org/resource/Vladimir_Lenin 
label:tag id:24906 name:Vladimir_Putin url:http://dbpedia.org/resource/Vladimir_Putin 
label:tag id:24917 name:Dmitry_Medvedev url:http://dbpedia.org/resource/Dmitry_Medvedev 
label:tag id:24928 name:Kim_Jong-il url:http://dbpedia.org/resource/Kim_Jong-il 
label:tag id:24958 name:Yuri_Andropov url:http://dbpedia.org/resource/Yuri_Andropov 
label:tag id:24960 name:Alexei_Kosygin url:http://dbpedia.org/resource/Alexei_Kosygin 
label:tag id:24968 name:Lachlan_Macquarie url:http://dbpedia.org/resource/Lachlan_Macquarie 
label:tag id:24986 name:Jacob_Zuma url:http://dbpedia.org/resource/Jacob_Zuma 
label:tag id:24989 name:Ban_Ki-moon url:http://dbpedia.org/resource/Ban_Ki-moon 
label:tag id:24995 name:Francisco_Franco url:http://dbpedia.org/resource/Francisco_Franco 
label:tag id:25049 name:José_Luis_Rodríguez_Zapatero url:http://dbpedia.org/resource/José_Luis_Rodríguez_Zapatero 
label:tag id:25095 name:Mahinda_Rajapaksa url:http://dbpedia.org/resource/Mahinda_Rajapaksa 
label:tag id:25168 name:Thaksin_Shinawatra url:http://dbpedia.org/resource/Thaksin_Shinawatra 
label:tag id:25174 name:Zine_El_Abidine_Ben_Ali url:http://dbpedia.org/resource/Zine_El_Abidine_Ben_Ali 
label:tag id:25182 name:Recep_Tayyip_Erdoğan url:http://dbpedia.org/resource/Recep_Tayyip_Erdoğan 
label:tag id:25189 name:Leon_Trotsky url:http://dbpedia.org/resource/Leon_Trotsky 
label:tag id:25194 name:Viktor_Yushchenko url:http://dbpedia.org/resource/Viktor_Yushchenko 
label:tag id:25196 name:Golda_Meir url:http://dbpedia.org/resource/Golda_Meir 
label:tag id:25204 name:Viktor_Yanukovych url:http://dbpedia.org/resource/Viktor_Yanukovych 
label:tag id:25210 name:Bohdan_Khmelnytsky url:http://dbpedia.org/resource/Bohdan_Khmelnytsky 
label:tag id:25218 name:Yulia_Tymoshenko url:http://dbpedia.org/resource/Yulia_Tymoshenko 
label:tag id:25219 name:Leonid_Kuchma url:http://dbpedia.org/resource/Leonid_Kuchma 
label:tag id:25223 name:Winston_Churchill url:http://dbpedia.org/resource/Winston_Churchill 
label:tag id:25229 name:Tony_Blair url:http://dbpedia.org/resource/Tony_Blair 
label:tag id:25230 name:Margaret_Thatcher url:http://dbpedia.org/resource/Margaret_Thatcher 
label:tag id:25232 name:Oliver_Cromwell url:http://dbpedia.org/resource/Oliver_Cromwell 
label:tag id:25240 name:Gordon_Brown url:http://dbpedia.org/resource/Gordon_Brown 
label:tag id:25241 name:Arthur_Wellesley,_1st_Duke_of_Wellington url:http://dbpedia.org/resource/Arthur_Wellesley,_1st_Duke_of_Wellington 
label:tag id:25263 name:David_Cameron url:http://dbpedia.org/resource/David_Cameron 
label:tag id:25265 name:William_Ewart_Gladstone url:http://dbpedia.org/resource/William_Ewart_Gladstone 
label:tag id:25292 name:Harold_Wilson url:http://dbpedia.org/resource/Harold_Wilson 
label:tag id:25302 name:John_Major url:http://dbpedia.org/resource/John_Major 
label:tag id:25327 name:Edward_Heath url:http://dbpedia.org/resource/Edward_Heath 
label:tag id:25342 name:H._H._Asquith url:http://dbpedia.org/resource/H._H._Asquith 
label:tag id:25351 name:Thomas_More url:http://dbpedia.org/resource/Thomas_More 
label:tag id:25353 name:Clement_Attlee url:http://dbpedia.org/resource/Clement_Attlee 
label:tag id:25370 name:Louis_Mountbatten,_1st_Earl_Mountbatten_of_Burma url:http://dbpedia.org/resource/Louis_Mountbatten,_1st_Earl_Mountbatten_of_Burma 
label:tag id:25378 name:Ramsay_MacDonald url:http://dbpedia.org/resource/Ramsay_MacDonald 
label:tag id:25381 name:Neville_Chamberlain url:http://dbpedia.org/resource/Neville_Chamberlain 
label:tag id:25383 name:Harold_Macmillan url:http://dbpedia.org/resource/Harold_Macmillan 
label:tag id:25394 name:Charles_Cornwallis,_1st_Marquess_Cornwallis url:http://dbpedia.org/resource/Charles_Cornwallis,_1st_Marquess_Cornwallis 
label:tag id:25413 name:Anthony_Eden url:http://dbpedia.org/resource/Anthony_Eden 
label:tag id:25433 name:Bertie_Ahern url:http://dbpedia.org/resource/Bertie_Ahern 
label:tag id:25465 name:Ken_Livingstone url:http://dbpedia.org/resource/Ken_Livingstone 
label:tag id:25477 name:Thomas_Wolsey url:http://dbpedia.org/resource/Thomas_Wolsey 
label:tag id:25484 name:Jack_Straw url:http://dbpedia.org/resource/Jack_Straw 
label:tag id:25488 name:William_Cecil,_1st_Baron_Burghley url:http://dbpedia.org/resource/William_Cecil,_1st_Baron_Burghley 
label:tag id:25505 name:Billy_Hughes url:http://dbpedia.org/resource/Billy_Hughes 
label:tag id:25507 name:William_Hague url:http://dbpedia.org/resource/William_Hague 
label:tag id:25518 name:Ian_Paisley url:http://dbpedia.org/resource/Ian_Paisley 
label:tag id:25526 name:Tony_Benn url:http://dbpedia.org/resource/Tony_Benn 
label:tag id:25535 name:Gerry_Adams url:http://dbpedia.org/resource/Gerry_Adams 
label:tag id:25544 name:Cecil_Rhodes url:http://dbpedia.org/resource/Cecil_Rhodes 
label:tag id:25562 name:Richard_Brinsley_Sheridan url:http://dbpedia.org/resource/Richard_Brinsley_Sheridan 
label:tag id:25567 name:Alec_Douglas-Home url:http://dbpedia.org/resource/Alec_Douglas-Home 
label:tag id:25569 name:Mary_McAleese url:http://dbpedia.org/resource/Mary_McAleese 
label:tag id:25593 name:Thomas_Babington_Macaulay,_1st_Baron_Macaulay url:http://dbpedia.org/resource/Thomas_Babington_Macaulay,_1st_Baron_Macaulay 
label:tag id:25607 name:Charles_Haughey url:http://dbpedia.org/resource/Charles_Haughey 
label:tag id:25618 name:Nick_Clegg url:http://dbpedia.org/resource/Nick_Clegg 
label:tag id:25633 name:Edward_Bulwer-Lytton,_1st_Baron_Lytton url:http://dbpedia.org/resource/Edward_Bulwer-Lytton,_1st_Baron_Lytton 
label:tag id:25648 name:Joseph_Chamberlain url:http://dbpedia.org/resource/Joseph_Chamberlain 
label:tag id:25653 name:John_Franklin url:http://dbpedia.org/resource/John_Franklin 
label:tag id:25667 name:Peter_Mandelson url:http://dbpedia.org/resource/Peter_Mandelson 
label:tag id:25681 name:John_Turner url:http://dbpedia.org/resource/John_Turner 
label:tag id:25692 name:Charles_James_Fox url:http://dbpedia.org/resource/Charles_James_Fox 
label:tag id:25693 name:Jerry_Springer url:http://dbpedia.org/resource/Jerry_Springer 
label:tag id:25723 name:E._F._L._Wood,_1st_Earl_of_Halifax url:http://dbpedia.org/resource/E._F._L._Wood,_1st_Earl_of_Halifax 
label:tag id:25756 name:Alex_Salmond url:http://dbpedia.org/resource/Alex_Salmond 
label:tag id:25778 name:Robert_Clive,_1st_Baron_Clive url:http://dbpedia.org/resource/Robert_Clive,_1st_Baron_Clive 
label:tag id:25787 name:Ed_Miliband url:http://dbpedia.org/resource/Ed_Miliband 
label:tag id:25794 name:Archibald_Wavell,_1st_Earl_Wavell url:http://dbpedia.org/resource/Archibald_Wavell,_1st_Earl_Wavell 
label:tag id:25803 name:Jack_Lynch url:http://dbpedia.org/resource/Jack_Lynch 
label:tag id:25806 name:Michael_Foot url:http://dbpedia.org/resource/Michael_Foot 
label:tag id:25814 name:Michael_Heseltine url:http://dbpedia.org/resource/Michael_Heseltine 
label:tag id:25857 name:Kenneth_Clarke url:http://dbpedia.org/resource/Kenneth_Clarke 
label:tag id:25861 name:Chris_Patten url:http://dbpedia.org/resource/Chris_Patten 
label:tag id:25867 name:Tommy_Douglas url:http://dbpedia.org/resource/Tommy_Douglas 
label:tag id:25899 name:Iain_Duncan_Smith url:http://dbpedia.org/resource/Iain_Duncan_Smith 
label:tag id:25907 name:Harriet_Harman url:http://dbpedia.org/resource/Harriet_Harman 
label:tag id:25908 name:John_Winthrop url:http://dbpedia.org/resource/John_Winthrop 
label:tag id:25928 name:Warren_Hastings url:http://dbpedia.org/resource/Warren_Hastings 
label:tag id:25931 name:Garret_FitzGerald url:http://dbpedia.org/resource/Garret_FitzGerald 
label:tag id:25938 name:Charles_Kennedy url:http://dbpedia.org/resource/Charles_Kennedy 
label:tag id:25953 name:William_Blackstone url:http://dbpedia.org/resource/William_Blackstone 
label:tag id:25973 name:W._T._Cosgrave url:http://dbpedia.org/resource/W._T._Cosgrave 
label:tag id:25989 name:George_Hamilton-Gordon,_4th_Earl_of_Aberdeen url:http://dbpedia.org/resource/George_Hamilton-Gordon,_4th_Earl_of_Aberdeen 
label:tag id:26009 name:Robin_Cook url:http://dbpedia.org/resource/Robin_Cook 
label:tag id:26013 name:George_W._Bush url:http://dbpedia.org/resource/George_W._Bush 
label:tag id:26014 name:Barack_Obama url:http://dbpedia.org/resource/Barack_Obama 
label:tag id:26015 name:Bill_Clinton url:http://dbpedia.org/resource/Bill_Clinton 
label:tag id:26016 name:Ronald_Reagan url:http://dbpedia.org/resource/Ronald_Reagan 
label:tag id:26017 name:Franklin_D._Roosevelt url:http://dbpedia.org/resource/Franklin_D._Roosevelt 
label:tag id:26020 name:Richard_Nixon url:http://dbpedia.org/resource/Richard_Nixon 
label:tag id:26021 name:John_F._Kennedy url:http://dbpedia.org/resource/John_F._Kennedy 
label:tag id:26022 name:Abraham_Lincoln url:http://dbpedia.org/resource/Abraham_Lincoln 
label:tag id:26024 name:George_Washington url:http://dbpedia.org/resource/George_Washington 
label:tag id:26025 name:George_H._W._Bush url:http://dbpedia.org/resource/George_H._W._Bush 
label:tag id:26026 name:Dwight_D._Eisenhower url:http://dbpedia.org/resource/Dwight_D._Eisenhower 
label:tag id:26028 name:Jimmy_Carter url:http://dbpedia.org/resource/Jimmy_Carter 
label:tag id:26029 name:Lyndon_B._Johnson url:http://dbpedia.org/resource/Lyndon_B._Johnson 
label:tag id:26030 name:Theodore_Roosevelt url:http://dbpedia.org/resource/Theodore_Roosevelt 
label:tag id:26031 name:Harry_S._Truman url:http://dbpedia.org/resource/Harry_S._Truman 
label:tag id:26033 name:Thomas_Jefferson url:http://dbpedia.org/resource/Thomas_Jefferson 
label:tag id:26035 name:Hillary_Rodham_Clinton url:http://dbpedia.org/resource/Hillary_Rodham_Clinton 
label:tag id:26037 name:Ulysses_S._Grant url:http://dbpedia.org/resource/Ulysses_S._Grant 
label:tag id:26041 name:Woodrow_Wilson url:http://dbpedia.org/resource/Woodrow_Wilson 
label:tag id:26049 name:Gerald_Ford url:http://dbpedia.org/resource/Gerald_Ford 
label:tag id:26052 name:Al_Gore url:http://dbpedia.org/resource/Al_Gore 
label:tag id:26063 name:Andrew_Jackson url:http://dbpedia.org/resource/Andrew_Jackson 
label:tag id:26085 name:Herbert_Hoover url:http://dbpedia.org/resource/Herbert_Hoover 
label:tag id:26093 name:William_Howard_Taft url:http://dbpedia.org/resource/William_Howard_Taft 
label:tag id:26094 name:Grover_Cleveland url:http://dbpedia.org/resource/Grover_Cleveland 
label:tag id:26099 name:William_McKinley url:http://dbpedia.org/resource/William_McKinley 
label:tag id:26106 name:John_Adams url:http://dbpedia.org/resource/John_Adams 
label:tag id:26112 name:James_Madison url:http://dbpedia.org/resource/James_Madison 
label:tag id:26114 name:Robert_F._Kennedy url:http://dbpedia.org/resource/Robert_F._Kennedy 
label:tag id:26122 name:Calvin_Coolidge url:http://dbpedia.org/resource/Calvin_Coolidge 
label:tag id:26134 name:Ted_Kennedy url:http://dbpedia.org/resource/Ted_Kennedy 
label:tag id:26149 name:Rudy_Giuliani url:http://dbpedia.org/resource/Rudy_Giuliani 
label:tag id:26154 name:Joe_Biden url:http://dbpedia.org/resource/Joe_Biden 
label:tag id:26158 name:Jefferson_Davis url:http://dbpedia.org/resource/Jefferson_Davis 
label:tag id:26165 name:Warren_G._Harding url:http://dbpedia.org/resource/Warren_G._Harding 
label:tag id:26166 name:Andrew_Johnson url:http://dbpedia.org/resource/Andrew_Johnson 
label:tag id:26168 name:Condoleezza_Rice url:http://dbpedia.org/resource/Condoleezza_Rice 
label:tag id:26173 name:Sarah_Palin url:http://dbpedia.org/resource/Sarah_Palin 
label:tag id:26188 name:Michael_Bloomberg url:http://dbpedia.org/resource/Michael_Bloomberg 
label:tag id:26212 name:John_Quincy_Adams url:http://dbpedia.org/resource/John_Quincy_Adams 
label:tag id:26227 name:Eleanor_Roosevelt url:http://dbpedia.org/resource/Eleanor_Roosevelt 
label:tag id:26233 name:James_Monroe url:http://dbpedia.org/resource/James_Monroe 
label:tag id:26243 name:Éamon_de_Valera url:http://dbpedia.org/resource/Éamon_de_Valera 
label:tag id:26249 name:Benjamin_Harrison url:http://dbpedia.org/resource/Benjamin_Harrison 
label:tag id:26271 name:Donald_Rumsfeld url:http://dbpedia.org/resource/Donald_Rumsfeld 
label:tag id:26273 name:James_Buchanan url:http://dbpedia.org/resource/James_Buchanan 
label:tag id:26276 name:Jacqueline_Kennedy_Onassis url:http://dbpedia.org/resource/Jacqueline_Kennedy_Onassis 
label:tag id:26290 name:Sean_Penn url:http://dbpedia.org/resource/Sean_Penn 
label:tag id:26292 name:William_Henry_Harrison url:http://dbpedia.org/resource/William_Henry_Harrison 
label:tag id:26296 name:Rutherford_B._Hayes url:http://dbpedia.org/resource/Rutherford_B._Hayes 
label:tag id:26308 name:Zachary_Taylor url:http://dbpedia.org/resource/Zachary_Taylor 
label:tag id:26313 name:William_Randolph_Hearst url:http://dbpedia.org/resource/William_Randolph_Hearst 
label:tag id:26314 name:Henry_Clay url:http://dbpedia.org/resource/Henry_Clay 
label:tag id:26321 name:Nancy_Pelosi url:http://dbpedia.org/resource/Nancy_Pelosi 
label:tag id:26324 name:Ron_Paul url:http://dbpedia.org/resource/Ron_Paul 
label:tag id:26332 name:James_K._Polk url:http://dbpedia.org/resource/James_K._Polk 
label:tag id:26336 name:George_B._McClellan url:http://dbpedia.org/resource/George_B._McClellan 
label:tag id:26342 name:James_A._Garfield url:http://dbpedia.org/resource/James_A._Garfield 
label:tag id:26350 name:Martin_Van_Buren url:http://dbpedia.org/resource/Martin_Van_Buren 
label:tag id:26352 name:Jesse_Jackson url:http://dbpedia.org/resource/Jesse_Jackson 
label:tag id:26356 name:Hubert_Humphrey url:http://dbpedia.org/resource/Hubert_Humphrey 
label:tag id:26383 name:Nelson_Rockefeller url:http://dbpedia.org/resource/Nelson_Rockefeller 
label:tag id:26387 name:Franklin_Pierce url:http://dbpedia.org/resource/Franklin_Pierce 
label:tag id:26397 name:Newt_Gingrich url:http://dbpedia.org/resource/Newt_Gingrich 
label:tag id:26399 name:J._Edgar_Hoover url:http://dbpedia.org/resource/J._Edgar_Hoover 
label:tag id:26416 name:Presidency_of_Barack_Obama url:http://dbpedia.org/resource/Presidency_of_Barack_Obama 
label:tag id:26426 name:William_Rehnquist url:http://dbpedia.org/resource/William_Rehnquist 
label:tag id:26427 name:Antonin_Scalia url:http://dbpedia.org/resource/Antonin_Scalia 
label:tag id:26430 name:Mitt_Romney url:http://dbpedia.org/resource/Mitt_Romney 
label:tag id:26473 name:Chester_A._Arthur url:http://dbpedia.org/resource/Chester_A._Arthur 
label:tag id:26493 name:George_McGovern url:http://dbpedia.org/resource/George_McGovern 
label:tag id:26495 name:Clarence_Thomas url:http://dbpedia.org/resource/Clarence_Thomas 
label:tag id:26507 name:Walter_Mondale url:http://dbpedia.org/resource/Walter_Mondale 
label:tag id:26518 name:Sam_Houston url:http://dbpedia.org/resource/Sam_Houston 
label:tag id:26535 name:Millard_Fillmore url:http://dbpedia.org/resource/Millard_Fillmore 
label:tag id:26544 name:John_Tyler url:http://dbpedia.org/resource/John_Tyler 
label:tag id:26552 name:Howard_Dean url:http://dbpedia.org/resource/Howard_Dean 
label:tag id:26563 name:Daniel_Webster url:http://dbpedia.org/resource/Daniel_Webster 
label:tag id:26570 name:Harry_Reid url:http://dbpedia.org/resource/Harry_Reid 
label:tag id:26579 name:Eliot_Spitzer url:http://dbpedia.org/resource/Eliot_Spitzer 
label:tag id:26580 name:Robert_Gates url:http://dbpedia.org/resource/Robert_Gates 
label:tag id:26585 name:George_Wallace url:http://dbpedia.org/resource/George_Wallace 
label:tag id:26603 name:Mike_Huckabee url:http://dbpedia.org/resource/Mike_Huckabee 
label:tag id:26605 name:Robert_McNamara url:http://dbpedia.org/resource/Robert_McNamara 
label:tag id:26609 name:John_Marshall url:http://dbpedia.org/resource/John_Marshall 
label:tag id:26640 name:Jerry_Brown url:http://dbpedia.org/resource/Jerry_Brown 
label:tag id:26657 name:John_C._Calhoun url:http://dbpedia.org/resource/John_C._Calhoun 
label:tag id:26686 name:Dan_Quayle url:http://dbpedia.org/resource/Dan_Quayle 
label:tag id:26692 name:John_Paul_Stevens url:http://dbpedia.org/resource/John_Paul_Stevens 
label:tag id:26693 name:Strom_Thurmond url:http://dbpedia.org/resource/Strom_Thurmond 
label:tag id:26699 name:John_Roberts url:http://dbpedia.org/resource/John_Roberts 
label:tag id:26719 name:Earl_Warren url:http://dbpedia.org/resource/Earl_Warren 
label:tag id:26722 name:Boris_Johnson url:http://dbpedia.org/resource/Boris_Johnson 
label:tag id:26738 name:Aaron_Burr url:http://dbpedia.org/resource/Aaron_Burr 
label:tag id:26750 name:Laura_Bush url:http://dbpedia.org/resource/Laura_Bush 
label:tag id:26774 name:Dianne_Feinstein url:http://dbpedia.org/resource/Dianne_Feinstein 
label:tag id:26790 name:Nancy_Reagan url:http://dbpedia.org/resource/Nancy_Reagan 
label:tag id:26796 name:Michelle_Obama url:http://dbpedia.org/resource/Michelle_Obama 
label:tag id:26826 name:Ruth_Bader_Ginsburg url:http://dbpedia.org/resource/Ruth_Bader_Ginsburg 
label:tag id:26830 name:Huey_Long url:http://dbpedia.org/resource/Huey_Long 
label:tag id:26838 name:Fiorello_La_Guardia url:http://dbpedia.org/resource/Fiorello_La_Guardia 
label:tag id:26858 name:Al_Smith url:http://dbpedia.org/resource/Al_Smith 
label:tag id:26879 name:John_Ashcroft url:http://dbpedia.org/resource/John_Ashcroft 
label:tag id:26894 name:Barbara_Boxer url:http://dbpedia.org/resource/Barbara_Boxer 
label:tag id:26920 name:William_H._Seward url:http://dbpedia.org/resource/William_H._Seward 
label:tag id:26934 name:Karl_Rove url:http://dbpedia.org/resource/Karl_Rove 
label:tag id:26941 name:Stephen_Breyer url:http://dbpedia.org/resource/Stephen_Breyer 
label:tag id:26946 name:Jesse_Ventura url:http://dbpedia.org/resource/Jesse_Ventura 
label:tag id:26947 name:Samuel_Alito url:http://dbpedia.org/resource/Samuel_Alito 
label:tag id:26961 name:Tom_DeLay url:http://dbpedia.org/resource/Tom_DeLay 
label:tag id:26975 name:Rod_Blagojevich url:http://dbpedia.org/resource/Rod_Blagojevich 
label:tag id:26978 name:Anthony_Kennedy url:http://dbpedia.org/resource/Anthony_Kennedy 
label:tag id:27008 name:Bill_Richardson url:http://dbpedia.org/resource/Bill_Richardson 
label:tag id:27012 name:John_Jay url:http://dbpedia.org/resource/John_Jay 
label:tag id:27021 name:Ed_Koch url:http://dbpedia.org/resource/Ed_Koch 
label:tag id:27083 name:Ed_Rendell url:http://dbpedia.org/resource/Ed_Rendell 
label:tag id:27103 name:Bobby_Jindal url:http://dbpedia.org/resource/Bobby_Jindal 
label:tag id:27118 name:Patrick_Leahy url:http://dbpedia.org/resource/Patrick_Leahy 
label:tag id:27122 name:Jack_Kemp url:http://dbpedia.org/resource/Jack_Kemp 
label:tag id:27125 name:John_Boehner url:http://dbpedia.org/resource/John_Boehner 
label:tag id:27142 name:Joseph_Stiglitz url:http://dbpedia.org/resource/Joseph_Stiglitz 
label:tag id:27159 name:David_Petraeus url:http://dbpedia.org/resource/David_Petraeus 
label:tag id:27170 name:Daniel_Inouye url:http://dbpedia.org/resource/Daniel_Inouye 
label:tag id:27207 name:James_Baker url:http://dbpedia.org/resource/James_Baker 
label:tag id:27228 name:Sonny_Bono url:http://dbpedia.org/resource/Sonny_Bono 
label:tag id:27229 name:David_Paterson url:http://dbpedia.org/resource/David_Paterson 
label:tag id:27233 name:Alberto_Gonzales url:http://dbpedia.org/resource/Alberto_Gonzales 
label:tag id:27239 name:Henry_A._Wallace url:http://dbpedia.org/resource/Henry_A._Wallace 
label:tag id:27264 name:Salmon_P._Chase url:http://dbpedia.org/resource/Salmon_P._Chase 
label:tag id:27267 name:Jesse_Helms url:http://dbpedia.org/resource/Jesse_Helms 
label:tag id:27272 name:Barney_Frank url:http://dbpedia.org/resource/Barney_Frank 
label:tag id:27283 name:Gray_Davis url:http://dbpedia.org/resource/Gray_Davis 
label:tag id:27287 name:Scott_Brown url:http://dbpedia.org/resource/Scott_Brown 
label:tag id:27323 name:Richard_M._Daley url:http://dbpedia.org/resource/Richard_M._Daley 
label:tag id:27344 name:Ted_Stevens url:http://dbpedia.org/resource/Ted_Stevens 
label:tag id:27368 name:Eugene_V._Debs url:http://dbpedia.org/resource/Eugene_V._Debs 
label:tag id:27386 name:Sam_Brownback url:http://dbpedia.org/resource/Sam_Brownback 
label:tag id:27387 name:Lewis_Cass url:http://dbpedia.org/resource/Lewis_Cass 
label:tag id:27400 name:David_Souter url:http://dbpedia.org/resource/David_Souter 
label:tag id:27403 name:Warren_E._Burger url:http://dbpedia.org/resource/Warren_E._Burger 
label:tag id:27437 name:Joseph_P._Kennedy,_Sr. url:http://dbpedia.org/resource/Joseph_P._Kennedy,_Sr. 
label:tag id:27450 name:W._Averell_Harriman url:http://dbpedia.org/resource/W._Averell_Harriman 
label:tag id:27467 name:Edwin_Edwards url:http://dbpedia.org/resource/Edwin_Edwards 
label:tag id:27472 name:Mitch_McConnell url:http://dbpedia.org/resource/Mitch_McConnell 
label:tag id:27490 name:Robert_M._La_Follette,_Sr. url:http://dbpedia.org/resource/Robert_M._La_Follette,_Sr. 
label:tag id:27491 name:Gavin_Newsom url:http://dbpedia.org/resource/Gavin_Newsom 
label:tag id:27504 name:Dick_Durbin url:http://dbpedia.org/resource/Dick_Durbin 
label:tag id:27513 name:Richard_Lugar url:http://dbpedia.org/resource/Richard_Lugar 
label:tag id:27537 name:James_G._Blaine url:http://dbpedia.org/resource/James_G._Blaine 
label:tag id:27557 name:Ben_Bernanke url:http://dbpedia.org/resource/Ben_Bernanke 
label:tag id:27572 name:Pete_Wilson url:http://dbpedia.org/resource/Pete_Wilson 
label:tag id:27597 name:Jimmie_Davis url:http://dbpedia.org/resource/Jimmie_Davis 
label:tag id:27606 name:Janet_Reno url:http://dbpedia.org/resource/Janet_Reno 
label:tag id:27611 name:Edwin_M._Stanton url:http://dbpedia.org/resource/Edwin_M._Stanton 
label:tag id:27619 name:Dick_Gephardt url:http://dbpedia.org/resource/Dick_Gephardt 
label:tag id:27624 name:Edmund_Muskie url:http://dbpedia.org/resource/Edmund_Muskie 
label:tag id:27627 name:Charlie_Crist url:http://dbpedia.org/resource/Charlie_Crist 
label:tag id:27637 name:Barbara_Bush url:http://dbpedia.org/resource/Barbara_Bush 
label:tag id:27642 name:Andrew_Cuomo url:http://dbpedia.org/resource/Andrew_Cuomo 
label:tag id:27659 name:George_J._Mitchell url:http://dbpedia.org/resource/George_J._Mitchell 
label:tag id:27698 name:Alben_W._Barkley url:http://dbpedia.org/resource/Alben_W._Barkley 
label:tag id:27705 name:John_Connally url:http://dbpedia.org/resource/John_Connally 
label:tag id:27725 name:Lloyd_Bentsen url:http://dbpedia.org/resource/Lloyd_Bentsen 
label:tag id:27748 name:Deval_Patrick url:http://dbpedia.org/resource/Deval_Patrick 
label:tag id:27772 name:Louis_Farrakhan url:http://dbpedia.org/resource/Louis_Farrakhan 
label:tag id:27773 name:Dennis_Hastert url:http://dbpedia.org/resource/Dennis_Hastert 
label:tag id:27779 name:Tim_Pawlenty url:http://dbpedia.org/resource/Tim_Pawlenty 
label:tag id:27803 name:Rahm_Emanuel url:http://dbpedia.org/resource/Rahm_Emanuel 
label:tag id:27818 name:George_P._Shultz url:http://dbpedia.org/resource/George_P._Shultz 
label:tag id:27856 name:John_Warner url:http://dbpedia.org/resource/John_Warner 
label:tag id:27864 name:Henry_Cabot_Lodge url:http://dbpedia.org/resource/Henry_Cabot_Lodge 
label:tag id:27871 name:Jim_Webb url:http://dbpedia.org/resource/Jim_Webb 
label:tag id:27915 name:Henry_Knox url:http://dbpedia.org/resource/Henry_Knox 
label:tag id:27916 name:Lawrence_Summers url:http://dbpedia.org/resource/Lawrence_Summers 
label:tag id:27977 name:Lynn_Swann url:http://dbpedia.org/resource/Lynn_Swann 
label:tag id:27991 name:Martha_Washington url:http://dbpedia.org/resource/Martha_Washington 
label:tag id:28018 name:Alexander_Haig url:http://dbpedia.org/resource/Alexander_Haig 
label:tag id:28071 name:Kenesaw_Mountain_Landis url:http://dbpedia.org/resource/Kenesaw_Mountain_Landis 
label:tag id:28078 name:Wally_Herger url:http://dbpedia.org/resource/Wally_Herger 
label:tag id:28080 name:Simón_Bolívar url:http://dbpedia.org/resource/Simón_Bolívar 
label:tag id:28090 name:Julia_Gillard url:http://dbpedia.org/resource/Julia_Gillard 
label:tag id:28092 name:Michael_Howard url:http://dbpedia.org/resource/Michael_Howard 
label:tag id:28094 name:John_Prescott url:http://dbpedia.org/resource/John_Prescott 
label:tag id:28096 name:Roy_Jenkins url:http://dbpedia.org/resource/Roy_Jenkins 
label:tag id:28351 name:Nikita_Khrushchev url:http://dbpedia.org/resource/Nikita_Khrushchev 
label:tag id:28355 name:Robert_Mugabe url:http://dbpedia.org/resource/Robert_Mugabe 
label:tag id:28368 name:Alexander_Hamilton url:http://dbpedia.org/resource/Alexander_Hamilton 
label:tag id:28378 name:Joseph_McCarthy url:http://dbpedia.org/resource/Joseph_McCarthy 
label:tag id:28419 name:Nelson_Mandela url:http://dbpedia.org/resource/Nelson_Mandela 
label:tag id:28998 name:Barry_Goldwater url:http://dbpedia.org/resource/Barry_Goldwater 
label:tag id:29674 name:Dick_Cheney url:http://dbpedia.org/resource/Dick_Cheney 
label:tag id:30198 name:Saddam_Hussein url:http://dbpedia.org/resource/Saddam_Hussein 
label:tag id:30241 name:Mao_Zedong url:http://dbpedia.org/resource/Mao_Zedong 
label:tag id:30745 name:Joseph_Stalin url:http://dbpedia.org/resource/Joseph_Stalin 
label:tag id:30753 name:Hugo_Chávez url:http://dbpedia.org/resource/Hugo_Chávez 
label:tag id:32379 name:Ariel_Sharon url:http://dbpedia.org/resource/Ariel_Sharon 
label:tag id:32431 name:Hosni_Mubarak url:http://dbpedia.org/resource/Hosni_Mubarak 
label:tag id:32463 name:Colin_Powell url:http://dbpedia.org/resource/Colin_Powell 
label:tag id:32477 name:Toyotomi_Hideyoshi url:http://dbpedia.org/resource/Toyotomi_Hideyoshi 
label:tag id:32513 name:Kofi_Annan url:http://dbpedia.org/resource/Kofi_Annan 
label:tag id:32565 name:Augusto_Pinochet url:http://dbpedia.org/resource/Augusto_Pinochet 
label:tag id:32569 name:Tokugawa_Ieyasu url:http://dbpedia.org/resource/Tokugawa_Ieyasu 
label:tag id:32715 name:Cardinal_Richelieu url:http://dbpedia.org/resource/Cardinal_Richelieu 
label:tag id:23440 name:Tadeusz_Kościuszko url:http://dbpedia.org/resource/Tadeusz_Kościuszko 
label:tag id:23461 name:Charles_Martel url:http://dbpedia.org/resource/Charles_Martel 
label:tag id:23749 name:Albrecht_von_Wallenstein url:http://dbpedia.org/resource/Albrecht_von_Wallenstein 
label:tag id:23820 name:Gilbert_du_Motier,_marquis_de_Lafayette url:http://dbpedia.org/resource/Gilbert_du_Motier,_marquis_de_Lafayette 
label:tag id:23921 name:Prince_Eugene_of_Savoy url:http://dbpedia.org/resource/Prince_Eugene_of_Savoy 
label:tag id:23947 name:André_Masséna url:http://dbpedia.org/resource/André_Masséna 
label:tag id:23995 name:Ferdinand_Foch url:http://dbpedia.org/resource/Ferdinand_Foch 
label:tag id:24043 name:Erwin_Rommel url:http://dbpedia.org/resource/Erwin_Rommel 
label:tag id:24084 name:Adolf_Eichmann url:http://dbpedia.org/resource/Adolf_Eichmann 
label:tag id:24146 name:Walther-Peer_Fellgiebel url:http://dbpedia.org/resource/Walther-Peer_Fellgiebel 
label:tag id:24153 name:Josef_Mengele url:http://dbpedia.org/resource/Josef_Mengele 
label:tag id:24169 name:Michel_Ney url:http://dbpedia.org/resource/Michel_Ney 
label:tag id:24178 name:Gebhard_Leberecht_von_Blücher url:http://dbpedia.org/resource/Gebhard_Leberecht_von_Blücher 
label:tag id:24227 name:Pericles url:http://dbpedia.org/resource/Pericles 
label:tag id:24338 name:Frederick_Roberts,_1st_Earl_Roberts url:http://dbpedia.org/resource/Frederick_Roberts,_1st_Earl_Roberts 
label:tag id:24636 name:Abu_Musab_al-Zarqawi url:http://dbpedia.org/resource/Abu_Musab_al-Zarqawi 
label:tag id:24660 name:Pancho_Villa url:http://dbpedia.org/resource/Pancho_Villa 
label:tag id:24676 name:Miguel_Hidalgo_y_Costilla url:http://dbpedia.org/resource/Miguel_Hidalgo_y_Costilla 
label:tag id:24723 name:James_Scott,_1st_Duke_of_Monmouth url:http://dbpedia.org/resource/James_Scott,_1st_Duke_of_Monmouth 
label:tag id:24793 name:Manfred_von_Richthofen url:http://dbpedia.org/resource/Manfred_von_Richthofen 
label:tag id:24817 name:Heinz_Guderian url:http://dbpedia.org/resource/Heinz_Guderian 
label:tag id:24872 name:Patrick_Pearse url:http://dbpedia.org/resource/Patrick_Pearse 
label:tag id:24953 name:Alexander_Suvorov url:http://dbpedia.org/resource/Alexander_Suvorov 
label:tag id:25056 name:George_Meade url:http://dbpedia.org/resource/George_Meade 
label:tag id:25266 name:Horatio_Nelson,_1st_Viscount_Nelson url:http://dbpedia.org/resource/Horatio_Nelson,_1st_Viscount_Nelson 
label:tag id:25338 name:Herbert_Kitchener,_1st_Earl_Kitchener url:http://dbpedia.org/resource/Herbert_Kitchener,_1st_Earl_Kitchener 
label:tag id:25368 name:Bernard_Montgomery,_1st_Viscount_Montgomery_of_Alamein url:http://dbpedia.org/resource/Bernard_Montgomery,_1st_Viscount_Montgomery_of_Alamein 
label:tag id:25372 name:Robert_Baden-Powell,_1st_Baron_Baden-Powell url:http://dbpedia.org/resource/Robert_Baden-Powell,_1st_Baron_Baden-Powell 
label:tag id:25439 name:John_Churchill,_1st_Duke_of_Marlborough url:http://dbpedia.org/resource/John_Churchill,_1st_Duke_of_Marlborough 
label:tag id:25600 name:Douglas_Haig,_1st_Earl_Haig url:http://dbpedia.org/resource/Douglas_Haig,_1st_Earl_Haig 
label:tag id:25620 name:John_Burgoyne url:http://dbpedia.org/resource/John_Burgoyne 
label:tag id:25721 name:George_Monck,_1st_Duke_of_Albemarle url:http://dbpedia.org/resource/George_Monck,_1st_Duke_of_Albemarle 
label:tag id:25835 name:Richard_Howe,_1st_Earl_Howe url:http://dbpedia.org/resource/Richard_Howe,_1st_Earl_Howe 
label:tag id:25856 name:Edmund_Allenby,_1st_Viscount_Allenby url:http://dbpedia.org/resource/Edmund_Allenby,_1st_Viscount_Allenby 
label:tag id:25873 name:George_Brydges_Rodney,_1st_Baron_Rodney url:http://dbpedia.org/resource/George_Brydges_Rodney,_1st_Baron_Rodney 
label:tag id:25874 name:James_Wolfe url:http://dbpedia.org/resource/James_Wolfe 
label:tag id:25893 name:Charles_George_Gordon url:http://dbpedia.org/resource/Charles_George_Gordon 
label:tag id:26083 name:Douglas_MacArthur url:http://dbpedia.org/resource/Douglas_MacArthur 
label:tag id:26118 name:William_Tecumseh_Sherman url:http://dbpedia.org/resource/William_Tecumseh_Sherman 
label:tag id:26248 name:George_S._Patton url:http://dbpedia.org/resource/George_S._Patton 
label:tag id:26327 name:Stonewall_Jackson url:http://dbpedia.org/resource/Stonewall_Jackson 
label:tag id:26476 name:John_J._Pershing url:http://dbpedia.org/resource/John_J._Pershing 
label:tag id:26527 name:Benedict_Arnold url:http://dbpedia.org/resource/Benedict_Arnold 
label:tag id:26533 name:Philip_Sheridan url:http://dbpedia.org/resource/Philip_Sheridan 
label:tag id:26542 name:Winfield_Scott url:http://dbpedia.org/resource/Winfield_Scott 
label:tag id:26732 name:Chester_W._Nimitz url:http://dbpedia.org/resource/Chester_W._Nimitz 
label:tag id:26803 name:James_Longstreet url:http://dbpedia.org/resource/James_Longstreet 
label:tag id:26842 name:Matthew_C._Perry url:http://dbpedia.org/resource/Matthew_C._Perry 
label:tag id:26864 name:J.E.B._Stuart url:http://dbpedia.org/resource/J.E.B._Stuart 
label:tag id:26870 name:David_Farragut url:http://dbpedia.org/resource/David_Farragut 
label:tag id:26899 name:Joseph_E._Johnston url:http://dbpedia.org/resource/Joseph_E._Johnston 
label:tag id:26921 name:Jubal_Early url:http://dbpedia.org/resource/Jubal_Early 
label:tag id:26980 name:Anthony_Wayne url:http://dbpedia.org/resource/Anthony_Wayne 
label:tag id:27148 name:Henry_H._Arnold url:http://dbpedia.org/resource/Henry_H._Arnold 
label:tag id:27161 name:Braxton_Bragg url:http://dbpedia.org/resource/Braxton_Bragg 
label:tag id:27176 name:Nathan_Bedford_Forrest url:http://dbpedia.org/resource/Nathan_Bedford_Forrest 
label:tag id:27254 name:P._G._T._Beauregard url:http://dbpedia.org/resource/P._G._T._Beauregard 
label:tag id:27313 name:Sterling_Price url:http://dbpedia.org/resource/Sterling_Price 
label:tag id:27320 name:John_Bell_Hood url:http://dbpedia.org/resource/John_Bell_Hood 
label:tag id:27341 name:Nathanael_Greene url:http://dbpedia.org/resource/Nathanael_Greene 
label:tag id:27358 name:Oliver_North url:http://dbpedia.org/resource/Oliver_North 
label:tag id:27392 name:George_Rogers_Clark url:http://dbpedia.org/resource/George_Rogers_Clark 
label:tag id:27396 name:Jimmy_Doolittle url:http://dbpedia.org/resource/Jimmy_Doolittle 
label:tag id:27442 name:Omar_Bradley url:http://dbpedia.org/resource/Omar_Bradley 
label:tag id:27447 name:Winfield_Scott_Hancock url:http://dbpedia.org/resource/Winfield_Scott_Hancock 
label:tag id:27455 name:Joseph_Hooker url:http://dbpedia.org/resource/Joseph_Hooker 
label:tag id:27503 name:John_Hunt_Morgan url:http://dbpedia.org/resource/John_Hunt_Morgan 
label:tag id:27590 name:Chuck_Yeager url:http://dbpedia.org/resource/Chuck_Yeager 
label:tag id:27699 name:Kit_Carson url:http://dbpedia.org/resource/Kit_Carson 
label:tag id:27746 name:Curtis_LeMay url:http://dbpedia.org/resource/Curtis_LeMay 
label:tag id:27926 name:William_Westmoreland url:http://dbpedia.org/resource/William_Westmoreland 
label:tag id:27959 name:George_Crook url:http://dbpedia.org/resource/George_Crook 
label:tag id:28052 name:William_Rosecrans url:http://dbpedia.org/resource/William_Rosecrans 
label:tag id:28057 name:Oliver_Hazard_Perry url:http://dbpedia.org/resource/Oliver_Hazard_Perry 
label:tag id:28354 name:Robert_E._Lee url:http://dbpedia.org/resource/Robert_E._Lee 
label:tag id:28426 name:George_Armstrong_Custer url:http://dbpedia.org/resource/George_Armstrong_Custer 
label:tag id:28428 name:Mark_Antony url:http://dbpedia.org/resource/Mark_Antony 
label:tag id:28561 name:Ein_bißchen_Frieden url:http://dbpedia.org/resource/Ein_bißchen_Frieden 
label:tag id:30499 name:Een_beetje url:http://dbpedia.org/resource/Een_beetje 
label:tag id:31511 name:Diggi-Loo_Diggi-Ley url:http://dbpedia.org/resource/Diggi-Loo_Diggi-Ley 
label:tag id:32900 name:Fly_on_the_Wings_of_Love url:http://dbpedia.org/resource/Fly_on_the_Wings_of_Love 
label:tag id:33804 name:Razom_nas_bahato,_nas_ne_podolaty url:http://dbpedia.org/resource/Razom_nas_bahato,_nas_ne_podolaty 
label:tag id:34050 name:7th_Wonder url:http://dbpedia.org/resource/7th_Wonder 
label:tag id:34681 name:Net_als_toen url:http://dbpedia.org/resource/Net_als_toen 
label:tag id:35467 name:E_Depois_do_Adeus url:http://dbpedia.org/resource/E_Depois_do_Adeus 
label:tag id:35675 name:Boom_Bang-a-Bang url:http://dbpedia.org/resource/Boom_Bang-a-Bang 
label:tag id:36235 name:Après_toi url:http://dbpedia.org/resource/Après_toi 
label:tag id:36237 name:Beg,_Steal_or_Borrow url:http://dbpedia.org/resource/Beg,_Steal_or_Borrow 
label:tag id:36308 name:Tu_te_reconnaîtras url:http://dbpedia.org/resource/Tu_te_reconnaîtras 
label:tag id:36434 name:A-Ba-Ni-Bi url:http://dbpedia.org/resource/A-Ba-Ni-Bi 
label:tag id:36445 name:Vivo_cantando url:http://dbpedia.org/resource/Vivo_cantando 
label:tag id:36516 name:Un_jour,_un_enfant url:http://dbpedia.org/resource/Un_jour,_un_enfant 
label:tag id:36519 name:Un_banc,_un_arbre,_une_rue url:http://dbpedia.org/resource/Un_banc,_un_arbre,_une_rue 
label:tag id:36539 name:I_See_a_Star url:http://dbpedia.org/resource/I_See_a_Star 
label:tag id:36589 name:De_troubadour url:http://dbpedia.org/resource/De_troubadour 
label:tag id:36854 name:Det_börjar_verka_kärlek,_banne_mig url:http://dbpedia.org/resource/Det_börjar_verka_kärlek,_banne_mig 
label:tag id:36912 name:Listen_to_Your_Heartbeat url:http://dbpedia.org/resource/Listen_to_Your_Heartbeat 
label:tag id:36962 name:When_Spirits_Are_Calling_My_Name url:http://dbpedia.org/resource/When_Spirits_Are_Calling_My_Name 
label:tag id:37286 name:Ven_a_bailar_conmigo url:http://dbpedia.org/resource/Ven_a_bailar_conmigo 
label:tag id:37622 name:Fångad_av_en_stormvind url:http://dbpedia.org/resource/Fångad_av_en_stormvind 
label:tag id:37643 name:All_Kinds_of_Everything url:http://dbpedia.org/resource/All_Kinds_of_Everything 
label:tag id:37938 name:Oj,_oj,_oj,_så_glad_jeg_skal_bli url:http://dbpedia.org/resource/Oj,_oj,_oj,_så_glad_jeg_skal_bli 
label:tag id:37968 name:Are_You_Sure? url:http://dbpedia.org/resource/Are_You_Sure? 
label:tag id:38086 name:The_Fire_in_Your_Eyes url:http://dbpedia.org/resource/The_Fire_in_Your_Eyes 
label:tag id:38202 name:Det_gör_ont url:http://dbpedia.org/resource/Det_gör_ont 
label:tag id:38255 name:Se_på_mig url:http://dbpedia.org/resource/Se_på_mig 
label:tag id:38263 name:Never_Let_It_Go url:http://dbpedia.org/resource/Never_Let_It_Go 
label:tag id:38306 name:Dors,_mon_amour url:http://dbpedia.org/resource/Dors,_mon_amour 
label:tag id:38375 name:La,_la,_la url:http://dbpedia.org/resource/La,_la,_la 
label:tag id:38475 name:Al_di_là url:http://dbpedia.org/resource/Al_di_là 
label:tag id:38487 name:Make_My_Day url:http://dbpedia.org/resource/Make_My_Day 
label:tag id:38500 name:Merci,_Chérie url:http://dbpedia.org/resource/Merci,_Chérie 
label:tag id:38541 name:Dansevise url:http://dbpedia.org/resource/Dansevise 
label:tag id:38777 name:Mia_Krifi_Evesthisia url:http://dbpedia.org/resource/Mia_Krifi_Evesthisia 
label:tag id:38779 name:Papa_Pingouin url:http://dbpedia.org/resource/Papa_Pingouin 
label:tag id:38845 name:Tom_Pillibi url:http://dbpedia.org/resource/Tom_Pillibi 
label:tag id:38848 name:Nous_les_amoureux url:http://dbpedia.org/resource/Nous_les_amoureux 
label:tag id:38941 name:Kärleken_är url:http://dbpedia.org/resource/Kärleken_är 
label:tag id:39021 name:Zemrën_e_lamë_peng url:http://dbpedia.org/resource/Zemrën_e_lamë_peng 
label:tag id:39023 name:Zjarr_e_ftohtë url:http://dbpedia.org/resource/Zjarr_e_ftohtë 
label:tag id:39027 name:The_Image_of_You url:http://dbpedia.org/resource/The_Image_of_You 
label:tag id:39037 name:Tomorrow_I_Go url:http://dbpedia.org/resource/Tomorrow_I_Go 
label:tag id:39090 name:I_treni_di_Tozeur url:http://dbpedia.org/resource/I_treni_di_Tozeur 
label:tag id:39103 name:Lane_moje url:http://dbpedia.org/resource/Lane_moje 
label:tag id:39105 name:Den_vilda url:http://dbpedia.org/resource/Den_vilda 
label:tag id:39106 name:Un_premier_amour url:http://dbpedia.org/resource/Un_premier_amour 
label:tag id:39169 name:Valentine_Lost url:http://dbpedia.org/resource/Valentine_Lost 
label:tag id:39174 name:Sameach url:http://dbpedia.org/resource/Sameach 
label:tag id:39176 name:Nygammal_vals url:http://dbpedia.org/resource/Nygammal_vals 
label:tag id:39208 name:Autostop url:http://dbpedia.org/resource/Autostop 
label:tag id:39259 name:Unsubstantial_Blues url:http://dbpedia.org/resource/Unsubstantial_Blues 
label:tag id:39279 name:Für_alle url:http://dbpedia.org/resource/Für_alle 
label:tag id:39287 name:Kaelakee_hääl url:http://dbpedia.org/resource/Kaelakee_hääl 
label:tag id:23774 name:Manny_Ramirez url:http://dbpedia.org/resource/Manny_Ramirez 
label:tag id:23775 name:Albert_Pujols url:http://dbpedia.org/resource/Albert_Pujols 
label:tag id:23776 name:Sammy_Sosa url:http://dbpedia.org/resource/Sammy_Sosa 
label:tag id:23778 name:David_Ortiz url:http://dbpedia.org/resource/David_Ortiz 
label:tag id:24732 name:Bert_Blyleven url:http://dbpedia.org/resource/Bert_Blyleven 
label:tag id:24760 name:Mariano_Rivera url:http://dbpedia.org/resource/Mariano_Rivera 
label:tag id:26111 name:Babe_Ruth url:http://dbpedia.org/resource/Babe_Ruth 
label:tag id:26287 name:Jackie_Robinson url:http://dbpedia.org/resource/Jackie_Robinson 
label:tag id:26435 name:Ted_Williams url:http://dbpedia.org/resource/Ted_Williams 
label:tag id:26463 name:Roger_Clemens url:http://dbpedia.org/resource/Roger_Clemens 
label:tag id:26472 name:Willie_Mays url:http://dbpedia.org/resource/Willie_Mays 
label:tag id:26474 name:Ty_Cobb url:http://dbpedia.org/resource/Ty_Cobb 
label:tag id:26487 name:Lou_Gehrig url:http://dbpedia.org/resource/Lou_Gehrig 
label:tag id:26559 name:Nolan_Ryan url:http://dbpedia.org/resource/Nolan_Ryan 
label:tag id:26571 name:Mickey_Mantle url:http://dbpedia.org/resource/Mickey_Mantle 
label:tag id:26641 name:Randy_Johnson url:http://dbpedia.org/resource/Randy_Johnson 
label:tag id:26763 name:Sandy_Koufax url:http://dbpedia.org/resource/Sandy_Koufax 
label:tag id:26783 name:Cal_Ripken,_Jr. url:http://dbpedia.org/resource/Cal_Ripken,_Jr. 
label:tag id:26792 name:Mark_McGwire url:http://dbpedia.org/resource/Mark_McGwire 
label:tag id:26890 name:Jim_Thorpe url:http://dbpedia.org/resource/Jim_Thorpe 
label:tag id:27019 name:Greg_Maddux url:http://dbpedia.org/resource/Greg_Maddux 
label:tag id:27162 name:Curt_Schilling url:http://dbpedia.org/resource/Curt_Schilling 
label:tag id:27203 name:Billy_Martin url:http://dbpedia.org/resource/Billy_Martin 
label:tag id:27257 name:Roy_Halladay url:http://dbpedia.org/resource/Roy_Halladay 
label:tag id:27298 name:Walter_Johnson url:http://dbpedia.org/resource/Walter_Johnson 
label:tag id:27303 name:Rogers_Hornsby url:http://dbpedia.org/resource/Rogers_Hornsby 
label:tag id:27365 name:Honus_Wagner url:http://dbpedia.org/resource/Honus_Wagner 
label:tag id:27383 name:Tim_McCarver url:http://dbpedia.org/resource/Tim_McCarver 
label:tag id:27479 name:Jimmie_Foxx url:http://dbpedia.org/resource/Jimmie_Foxx 
label:tag id:27508 name:Mike_Piazza url:http://dbpedia.org/resource/Mike_Piazza 
label:tag id:27602 name:Tommy_Lasorda url:http://dbpedia.org/resource/Tommy_Lasorda 
label:tag id:27612 name:Bob_Feller url:http://dbpedia.org/resource/Bob_Feller 
label:tag id:27641 name:Cy_Young url:http://dbpedia.org/resource/Cy_Young 
label:tag id:27688 name:Dave_Winfield url:http://dbpedia.org/resource/Dave_Winfield 
label:tag id:27752 name:Phil_Rizzuto url:http://dbpedia.org/resource/Phil_Rizzuto 
label:tag id:27840 name:Jamie_Moyer url:http://dbpedia.org/resource/Jamie_Moyer 
label:tag id:27847 name:Cliff_Lee url:http://dbpedia.org/resource/Cliff_Lee 
label:tag id:27880 name:Harmon_Killebrew url:http://dbpedia.org/resource/Harmon_Killebrew 
label:tag id:27973 name:Gaylord_Perry url:http://dbpedia.org/resource/Gaylord_Perry 
label:tag id:28025 name:Gary_Sheffield url:http://dbpedia.org/resource/Gary_Sheffield 
label:tag id:28048 name:Carlton_Fisk url:http://dbpedia.org/resource/Carlton_Fisk 
label:tag id:28051 name:Derek_Lowe url:http://dbpedia.org/resource/Derek_Lowe 
label:tag id:23459 name:Hergé url:http://dbpedia.org/resource/Hergé 
label:tag id:23610 name:Todd_McFarlane url:http://dbpedia.org/resource/Todd_McFarlane 
label:tag id:23635 name:Joe_Shuster url:http://dbpedia.org/resource/Joe_Shuster 
label:tag id:24615 name:Osamu_Tezuka url:http://dbpedia.org/resource/Osamu_Tezuka 
label:tag id:24644 name:Gil_Kane url:http://dbpedia.org/resource/Gil_Kane 
label:tag id:24991 name:Jim_Lee url:http://dbpedia.org/resource/Jim_Lee 
label:tag id:25138 name:Art_Spiegelman url:http://dbpedia.org/resource/Art_Spiegelman 
label:tag id:25337 name:Grant_Morrison url:http://dbpedia.org/resource/Grant_Morrison 
label:tag id:25521 name:Warren_Ellis url:http://dbpedia.org/resource/Warren_Ellis 
label:tag id:25831 name:Mark_Millar url:http://dbpedia.org/resource/Mark_Millar 
label:tag id:25887 name:Garth_Ennis url:http://dbpedia.org/resource/Garth_Ennis 
label:tag id:26109 name:Stan_Lee url:http://dbpedia.org/resource/Stan_Lee 
label:tag id:26144 name:Jack_Kirby url:http://dbpedia.org/resource/Jack_Kirby 
label:tag id:26447 name:Roy_Thomas url:http://dbpedia.org/resource/Roy_Thomas 
label:tag id:26832 name:Steve_Ditko url:http://dbpedia.org/resource/Steve_Ditko 
label:tag id:26904 name:Marv_Wolfman url:http://dbpedia.org/resource/Marv_Wolfman 
label:tag id:26924 name:Geoff_Johns url:http://dbpedia.org/resource/Geoff_Johns 
label:tag id:27084 name:Will_Eisner url:http://dbpedia.org/resource/Will_Eisner 
label:tag id:27090 name:Robert_Crumb url:http://dbpedia.org/resource/Robert_Crumb 
label:tag id:27187 name:George_Pérez url:http://dbpedia.org/resource/George_Pérez 
label:tag id:27286 name:Jerry_Siegel url:http://dbpedia.org/resource/Jerry_Siegel 
label:tag id:27292 name:Gerry_Conway url:http://dbpedia.org/resource/Gerry_Conway 
label:tag id:27424 name:Len_Wein url:http://dbpedia.org/resource/Len_Wein 
label:tag id:27438 name:Neal_Adams url:http://dbpedia.org/resource/Neal_Adams 
label:tag id:27448 name:Joe_Quesada url:http://dbpedia.org/resource/Joe_Quesada 
label:tag id:27544 name:Keith_Giffen url:http://dbpedia.org/resource/Keith_Giffen 
label:tag id:27598 name:Brian_Michael_Bendis url:http://dbpedia.org/resource/Brian_Michael_Bendis 
label:tag id:27630 name:Alex_Ross url:http://dbpedia.org/resource/Alex_Ross 
label:tag id:27647 name:Kurt_Busiek url:http://dbpedia.org/resource/Kurt_Busiek 
label:tag id:27715 name:John_Wagner url:http://dbpedia.org/resource/John_Wagner 
label:tag id:27753 name:Carl_Barks url:http://dbpedia.org/resource/Carl_Barks 
label:tag id:27821 name:John_Buscema url:http://dbpedia.org/resource/John_Buscema 
label:tag id:27865 name:Wally_Wood url:http://dbpedia.org/resource/Wally_Wood 
label:tag id:27893 name:Gene_Colan url:http://dbpedia.org/resource/Gene_Colan 
label:tag id:23300 name:Gough_Whitlam url:http://dbpedia.org/resource/Gough_Whitlam 
label:tag id:23330 name:John_Curtin url:http://dbpedia.org/resource/John_Curtin 
label:tag id:23354 name:Joseph_Lyons url:http://dbpedia.org/resource/Joseph_Lyons 
label:tag id:23526 name:Brian_Mulroney url:http://dbpedia.org/resource/Brian_Mulroney 
label:tag id:23528 name:Paul_Martin url:http://dbpedia.org/resource/Paul_Martin 
label:tag id:23543 name:John_Diefenbaker url:http://dbpedia.org/resource/John_Diefenbaker 
label:tag id:23554 name:Joe_Clark url:http://dbpedia.org/resource/Joe_Clark 
label:tag id:23573 name:Louis_St._Laurent url:http://dbpedia.org/resource/Louis_St._Laurent 
label:tag id:23594 name:Bonar_Law url:http://dbpedia.org/resource/Bonar_Law 
label:tag id:23600 name:René_Lévesque url:http://dbpedia.org/resource/René_Lévesque 
label:tag id:23619 name:Arthur_Meighen url:http://dbpedia.org/resource/Arthur_Meighen 
label:tag id:23939 name:Georges_Clemenceau url:http://dbpedia.org/resource/Georges_Clemenceau 
label:tag id:24396 name:Mohammad_Mosaddegh url:http://dbpedia.org/resource/Mohammad_Mosaddegh 
label:tag id:24892 name:Ion_Antonescu url:http://dbpedia.org/resource/Ion_Antonescu 
label:tag id:25273 name:David_Lloyd_George url:http://dbpedia.org/resource/David_Lloyd_George 
label:tag id:25341 name:John_A._Macdonald url:http://dbpedia.org/resource/John_A._Macdonald 
label:tag id:25357 name:William_Pitt_the_Younger url:http://dbpedia.org/resource/William_Pitt_the_Younger 
label:tag id:25385 name:Robert_Peel url:http://dbpedia.org/resource/Robert_Peel 
label:tag id:25391 name:Henry_John_Temple,_3rd_Viscount_Palmerston url:http://dbpedia.org/resource/Henry_John_Temple,_3rd_Viscount_Palmerston 
label:tag id:25412 name:Robert_Walpole url:http://dbpedia.org/resource/Robert_Walpole 
label:tag id:25416 name:Stanley_Baldwin url:http://dbpedia.org/resource/Stanley_Baldwin 
label:tag id:25422 name:Robert_Gascoyne-Cecil,_3rd_Marquess_of_Salisbury url:http://dbpedia.org/resource/Robert_Gascoyne-Cecil,_3rd_Marquess_of_Salisbury 
label:tag id:25474 name:John_Russell,_1st_Earl_Russell url:http://dbpedia.org/resource/John_Russell,_1st_Earl_Russell 
label:tag id:25549 name:William_Pitt,_1st_Earl_of_Chatham url:http://dbpedia.org/resource/William_Pitt,_1st_Earl_of_Chatham 
label:tag id:25586 name:Edward_Smith-Stanley,_14th_Earl_of_Derby url:http://dbpedia.org/resource/Edward_Smith-Stanley,_14th_Earl_of_Derby 
label:tag id:25634 name:Archibald_Primrose,_5th_Earl_of_Rosebery url:http://dbpedia.org/resource/Archibald_Primrose,_5th_Earl_of_Rosebery 
label:tag id:25716 name:George_Canning url:http://dbpedia.org/resource/George_Canning 
label:tag id:25768 name:Thomas_Pelham-Holles,_1st_Duke_of_Newcastle url:http://dbpedia.org/resource/Thomas_Pelham-Holles,_1st_Duke_of_Newcastle 
label:tag id:25826 name:Henry_Campbell-Bannerman url:http://dbpedia.org/resource/Henry_Campbell-Bannerman 
label:tag id:25829 name:Charles_Grey,_2nd_Earl_Grey url:http://dbpedia.org/resource/Charles_Grey,_2nd_Earl_Grey 
label:tag id:25864 name:Robert_Jenkinson,_2nd_Earl_of_Liverpool url:http://dbpedia.org/resource/Robert_Jenkinson,_2nd_Earl_of_Liverpool 
label:tag id:29636 name:Benjamin_Disraeli url:http://dbpedia.org/resource/Benjamin_Disraeli 
label:tag id:24779 name:Tim_Tebow url:http://dbpedia.org/resource/Tim_Tebow 
label:tag id:26401 name:Brett_Favre url:http://dbpedia.org/resource/Brett_Favre 
label:tag id:26602 name:Tom_Brady url:http://dbpedia.org/resource/Tom_Brady 
label:tag id:26658 name:John_Madden url:http://dbpedia.org/resource/John_Madden 
label:tag id:26827 name:Michael_Vick url:http://dbpedia.org/resource/Michael_Vick 
label:tag id:26865 name:Joe_Montana url:http://dbpedia.org/resource/Joe_Montana 
label:tag id:26932 name:Joe_Namath url:http://dbpedia.org/resource/Joe_Namath 
label:tag id:27009 name:Terry_Bradshaw url:http://dbpedia.org/resource/Terry_Bradshaw 
label:tag id:27013 name:Drew_Brees url:http://dbpedia.org/resource/Drew_Brees 
label:tag id:27078 name:Jim_Brown url:http://dbpedia.org/resource/Jim_Brown 
label:tag id:27088 name:Donovan_McNabb url:http://dbpedia.org/resource/Donovan_McNabb 
label:tag id:27094 name:Vince_Lombardi url:http://dbpedia.org/resource/Vince_Lombardi 
label:tag id:27106 name:Ben_Roethlisberger url:http://dbpedia.org/resource/Ben_Roethlisberger 
label:tag id:27201 name:Emmitt_Smith url:http://dbpedia.org/resource/Emmitt_Smith 
label:tag id:27250 name:Steve_Young url:http://dbpedia.org/resource/Steve_Young 
label:tag id:27362 name:Phil_Simms url:http://dbpedia.org/resource/Phil_Simms 
label:tag id:27380 name:Deion_Sanders url:http://dbpedia.org/resource/Deion_Sanders 
label:tag id:27524 name:Vince_Young url:http://dbpedia.org/resource/Vince_Young 
label:tag id:27545 name:Randy_Moss url:http://dbpedia.org/resource/Randy_Moss 
label:tag id:27577 name:LaDainian_Tomlinson url:http://dbpedia.org/resource/LaDainian_Tomlinson 
label:tag id:27589 name:Reggie_Bush url:http://dbpedia.org/resource/Reggie_Bush 
label:tag id:27649 name:Roger_Staubach url:http://dbpedia.org/resource/Roger_Staubach 
label:tag id:27749 name:George_Halas url:http://dbpedia.org/resource/George_Halas 
label:tag id:27755 name:Frank_Gifford url:http://dbpedia.org/resource/Frank_Gifford 
label:tag id:27757 name:Tom_Landry url:http://dbpedia.org/resource/Tom_Landry 
label:tag id:27761 name:Don_Shula url:http://dbpedia.org/resource/Don_Shula 
label:tag id:27827 name:Walter_Payton url:http://dbpedia.org/resource/Walter_Payton 
label:tag id:27844 name:Brock_Lesnar url:http://dbpedia.org/resource/Brock_Lesnar 
label:tag id:27889 name:Dan_Fouts url:http://dbpedia.org/resource/Dan_Fouts 
label:tag id:27906 name:Joe_Gibbs url:http://dbpedia.org/resource/Joe_Gibbs 
label:tag id:27968 name:Red_Grange url:http://dbpedia.org/resource/Red_Grange 
label:tag id:30846 name:O._J._Simpson url:http://dbpedia.org/resource/O._J._Simpson 
label:tag id:24504 name:Franco_Zeffirelli url:http://dbpedia.org/resource/Franco_Zeffirelli 
label:tag id:26047 name:John_Kerry url:http://dbpedia.org/resource/John_Kerry 
label:tag id:26319 name:Bob_Dole url:http://dbpedia.org/resource/Bob_Dole 
label:tag id:26378 name:John_Edwards url:http://dbpedia.org/resource/John_Edwards 
label:tag id:26595 name:John_Glenn url:http://dbpedia.org/resource/John_Glenn 
label:tag id:26620 name:Chuck_Schumer url:http://dbpedia.org/resource/Chuck_Schumer 
label:tag id:26735 name:Stephen_A._Douglas url:http://dbpedia.org/resource/Stephen_A._Douglas 
label:tag id:26824 name:Al_Franken url:http://dbpedia.org/resource/Al_Franken 
label:tag id:26882 name:Fred_Thompson url:http://dbpedia.org/resource/Fred_Thompson 
label:tag id:26892 name:Arlen_Specter url:http://dbpedia.org/resource/Arlen_Specter 
label:tag id:27116 name:Jim_Bunning url:http://dbpedia.org/resource/Jim_Bunning 
label:tag id:27315 name:Eugene_McCarthy url:http://dbpedia.org/resource/Eugene_McCarthy 
label:tag id:27325 name:Trent_Lott url:http://dbpedia.org/resource/Trent_Lott 
label:tag id:27420 name:Kay_Bailey_Hutchison url:http://dbpedia.org/resource/Kay_Bailey_Hutchison 
label:tag id:27532 name:Carl_Levin url:http://dbpedia.org/resource/Carl_Levin 
label:tag id:27588 name:Tom_Daschle url:http://dbpedia.org/resource/Tom_Daschle 
label:tag id:27681 name:Bill_Frist url:http://dbpedia.org/resource/Bill_Frist 
label:tag id:27727 name:Chuck_Grassley url:http://dbpedia.org/resource/Chuck_Grassley 
label:tag id:27734 name:Charles_Sumner url:http://dbpedia.org/resource/Charles_Sumner 
label:tag id:27776 name:Tom_Harkin url:http://dbpedia.org/resource/Tom_Harkin 
label:tag id:27805 name:Henry_Cabot_Lodge,_Jr. url:http://dbpedia.org/resource/Henry_Cabot_Lodge,_Jr. 
label:tag id:27849 name:John_Cornyn url:http://dbpedia.org/resource/John_Cornyn 
label:tag id:27869 name:Robert_Taft url:http://dbpedia.org/resource/Robert_Taft 
label:tag id:27882 name:Bill_Nelson url:http://dbpedia.org/resource/Bill_Nelson 
label:tag id:28047 name:Mary_Landrieu url:http://dbpedia.org/resource/Mary_Landrieu 
label:tag id:30759 name:John_McCain url:http://dbpedia.org/resource/John_McCain 
label:tag id:33273 name:Joe_Lieberman url:http://dbpedia.org/resource/Joe_Lieberman 
label:tag id:25583 name:Ralph_Richardson url:http://dbpedia.org/resource/Ralph_Richardson 
label:tag id:23672 name:Yao_Ming url:http://dbpedia.org/resource/Yao_Ming 
label:tag id:24172 name:Dirk_Nowitzki url:http://dbpedia.org/resource/Dirk_Nowitzki 
label:tag id:26139 name:Michael_Jordan url:http://dbpedia.org/resource/Michael_Jordan 
label:tag id:26462 name:Magic_Johnson url:http://dbpedia.org/resource/Magic_Johnson 
label:tag id:26482 name:Kobe_Bryant url:http://dbpedia.org/resource/Kobe_Bryant 
label:tag id:26486 name:LeBron_James url:http://dbpedia.org/resource/LeBron_James 
label:tag id:26499 name:Kareem_Abdul-Jabbar url:http://dbpedia.org/resource/Kareem_Abdul-Jabbar 
label:tag id:26714 name:Wilt_Chamberlain url:http://dbpedia.org/resource/Wilt_Chamberlain 
label:tag id:26771 name:Larry_Bird url:http://dbpedia.org/resource/Larry_Bird 
label:tag id:26888 name:Charles_Barkley url:http://dbpedia.org/resource/Charles_Barkley 
label:tag id:27082 name:Bill_Russell url:http://dbpedia.org/resource/Bill_Russell 
label:tag id:27363 name:Allen_Iverson url:http://dbpedia.org/resource/Allen_Iverson 
label:tag id:27463 name:Kevin_Garnett url:http://dbpedia.org/resource/Kevin_Garnett 
label:tag id:27470 name:Julius_Erving url:http://dbpedia.org/resource/Julius_Erving 
label:tag id:27522 name:Dwyane_Wade url:http://dbpedia.org/resource/Dwyane_Wade 
label:tag id:27616 name:Phil_Jackson url:http://dbpedia.org/resource/Phil_Jackson 
label:tag id:27648 name:Carmelo_Anthony url:http://dbpedia.org/resource/Carmelo_Anthony 
label:tag id:27657 name:Karl_Malone url:http://dbpedia.org/resource/Karl_Malone 
label:tag id:27672 name:Bill_Walton url:http://dbpedia.org/resource/Bill_Walton 
label:tag id:27680 name:Jason_Kidd url:http://dbpedia.org/resource/Jason_Kidd 
label:tag id:27747 name:Scottie_Pippen url:http://dbpedia.org/resource/Scottie_Pippen 
label:tag id:27950 name:Pat_Riley url:http://dbpedia.org/resource/Pat_Riley 
label:tag id:28027 name:Oscar_Robertson url:http://dbpedia.org/resource/Oscar_Robertson 
label:tag id:28058 name:Jerry_West url:http://dbpedia.org/resource/Jerry_West 
label:tag id:23302 name:Donald_Bradman url:http://dbpedia.org/resource/Donald_Bradman 
label:tag id:23309 name:Shane_Warne url:http://dbpedia.org/resource/Shane_Warne 
label:tag id:23318 name:Ricky_Ponting url:http://dbpedia.org/resource/Ricky_Ponting 
label:tag id:23335 name:Adam_Gilchrist url:http://dbpedia.org/resource/Adam_Gilchrist 
label:tag id:23338 name:Glenn_McGrath url:http://dbpedia.org/resource/Glenn_McGrath 
label:tag id:23352 name:Steve_Waugh url:http://dbpedia.org/resource/Steve_Waugh 
label:tag id:23359 name:Matthew_Hayden url:http://dbpedia.org/resource/Matthew_Hayden 
label:tag id:23371 name:Brett_Lee url:http://dbpedia.org/resource/Brett_Lee 
label:tag id:24281 name:Sachin_Tendulkar url:http://dbpedia.org/resource/Sachin_Tendulkar 
label:tag id:24325 name:Rahul_Dravid url:http://dbpedia.org/resource/Rahul_Dravid 
label:tag id:24344 name:Sourav_Ganguly url:http://dbpedia.org/resource/Sourav_Ganguly 
label:tag id:24345 name:Mahendra_Singh_Dhoni url:http://dbpedia.org/resource/Mahendra_Singh_Dhoni 
label:tag id:24362 name:Virender_Sehwag url:http://dbpedia.org/resource/Virender_Sehwag 
label:tag id:24376 name:Harbhajan_Singh url:http://dbpedia.org/resource/Harbhajan_Singh 
label:tag id:24383 name:Anil_Kumble url:http://dbpedia.org/resource/Anil_Kumble 
label:tag id:24987 name:Kevin_Pietersen url:http://dbpedia.org/resource/Kevin_Pietersen 
label:tag id:25093 name:Muttiah_Muralitharan url:http://dbpedia.org/resource/Muttiah_Muralitharan 
label:tag id:25096 name:Sanath_Jayasuriya url:http://dbpedia.org/resource/Sanath_Jayasuriya 
label:tag id:25097 name:Kumar_Sangakkara url:http://dbpedia.org/resource/Kumar_Sangakkara 
label:tag id:25468 name:W._G._Grace url:http://dbpedia.org/resource/W._G._Grace 
label:tag id:25671 name:Ian_Botham url:http://dbpedia.org/resource/Ian_Botham 
label:tag id:25724 name:Andrew_Flintoff url:http://dbpedia.org/resource/Andrew_Flintoff 
label:tag id:25818 name:Len_Hutton url:http://dbpedia.org/resource/Len_Hutton 
label:tag id:24701 name:Jan_Siemerink url:http://dbpedia.org/resource/Jan_Siemerink 
label:tag id:23363 name:Alexander_Downer url:http://dbpedia.org/resource/Alexander_Downer 
label:tag id:23786 name:Rudolf_Hess url:http://dbpedia.org/resource/Rudolf_Hess 
label:tag id:24459 name:Lucius_Cornelius_Sulla url:http://dbpedia.org/resource/Lucius_Cornelius_Sulla 
label:tag id:24514 name:Gaius_Marius url:http://dbpedia.org/resource/Gaius_Marius 
label:tag id:24530 name:Scipio_Africanus url:http://dbpedia.org/resource/Scipio_Africanus 
label:tag id:24751 name:Imran_Khan url:http://dbpedia.org/resource/Imran_Khan 
label:tag id:25547 name:Charles_Stewart_Parnell url:http://dbpedia.org/resource/Charles_Stewart_Parnell 
label:tag id:25589 name:George_Curzon,_1st_Marquess_Curzon_of_Kedleston url:http://dbpedia.org/resource/George_Curzon,_1st_Marquess_Curzon_of_Kedleston 
label:tag id:25604 name:Neil_Kinnock url:http://dbpedia.org/resource/Neil_Kinnock 
label:tag id:25980 name:Sebastian_Coe url:http://dbpedia.org/resource/Sebastian_Coe 
label:tag id:26208 name:Ralph_Nader url:http://dbpedia.org/resource/Ralph_Nader 
label:tag id:27466 name:Meriwether_Lewis url:http://dbpedia.org/resource/Meriwether_Lewis 
label:tag id:27559 name:Henry_Waxman url:http://dbpedia.org/resource/Henry_Waxman 
label:tag id:27732 name:Bill_Moyers url:http://dbpedia.org/resource/Bill_Moyers 
label:tag id:27862 name:Richard_J._Daley url:http://dbpedia.org/resource/Richard_J._Daley 
label:tag id:27910 name:Paul_Wolfowitz url:http://dbpedia.org/resource/Paul_Wolfowitz 
label:tag id:24930 name:Maria_Kirilenko url:http://dbpedia.org/resource/Maria_Kirilenko 
label:tag id:23662 name:Jet_Li url:http://dbpedia.org/resource/Jet_Li 
label:tag id:23671 name:Zhang_Yimou url:http://dbpedia.org/resource/Zhang_Yimou 
label:tag id:23676 name:Faye_Wong url:http://dbpedia.org/resource/Faye_Wong 
label:tag id:26115 name:Tom_Cruise url:http://dbpedia.org/resource/Tom_Cruise 
label:tag id:26298 name:Bruce_Lee url:http://dbpedia.org/resource/Bruce_Lee 
label:tag id:28082 name:Tsui_Hark url:http://dbpedia.org/resource/Tsui_Hark 
label:tag id:30755 name:Jackie_Chan url:http://dbpedia.org/resource/Jackie_Chan 
label:tag id:30760 name:Johnny_Depp url:http://dbpedia.org/resource/Johnny_Depp 
label:tag id:25217 name:Sergei_Korolev url:http://dbpedia.org/resource/Sergei_Korolev 
label:tag id:26205 name:Bugs_Bunny url:http://dbpedia.org/resource/Bugs_Bunny 
label:tag id:29675 name:Donald_Duck url:http://dbpedia.org/resource/Donald_Duck 
label:tag id:30195 name:Peter_Pan url:http://dbpedia.org/resource/Peter_Pan 
label:tag id:30235 name:James_Bond url:http://dbpedia.org/resource/James_Bond 
label:tag id:30261 name:Mickey_Mouse url:http://dbpedia.org/resource/Mickey_Mouse 
label:tag id:30816 name:Tarzan url:http://dbpedia.org/resource/Tarzan 
label:tag id:30840 name:Sherlock_Holmes url:http://dbpedia.org/resource/Sherlock_Holmes 
label:tag id:25453 name:Steve_Davis url:http://dbpedia.org/resource/Steve_Davis 
label:tag id:25546 name:Stephen_Hendry url:http://dbpedia.org/resource/Stephen_Hendry 
label:tag id:25790 name:Peter_Ebdon url:http://dbpedia.org/resource/Peter_Ebdon 
label:tag id:25964 name:Graeme_Dott url:http://dbpedia.org/resource/Graeme_Dott 
label:tag id:23637 name:Robert_Roode url:http://dbpedia.org/resource/Robert_Roode 
label:tag id:27631 name:The_Miz url:http://dbpedia.org/resource/The_Miz 
label:tag id:27768 name:Chris_Sabin url:http://dbpedia.org/resource/Chris_Sabin 
label:tag id:28004 name:Alex_Shelley url:http://dbpedia.org/resource/Alex_Shelley 
label:tag id:23362 name:Cadel_Evans url:http://dbpedia.org/resource/Cadel_Evans 
label:tag id:23464 name:Eddy_Merckx url:http://dbpedia.org/resource/Eddy_Merckx 
label:tag id:25068 name:Alberto_Contador url:http://dbpedia.org/resource/Alberto_Contador 
label:tag id:25161 name:Fabian_Cancellara url:http://dbpedia.org/resource/Fabian_Cancellara 
label:tag id:23766 name:Niels_Bohr url:http://dbpedia.org/resource/Niels_Bohr 
label:tag id:30224 name:All_the_Lost_Souls url:http://dbpedia.org/resource/All_the_Lost_Souls 
label:tag id:37667 name:Jack_Your_Body url:http://dbpedia.org/resource/Jack_Your_Body 
label:tag id:29243 name:...And_Then_There_Was_X url:http://dbpedia.org/resource/...And_Then_There_Was_X 
label:tag id:37694 name:Derelicts_of_Dialect url:http://dbpedia.org/resource/Derelicts_of_Dialect 
label:tag id:37804 name:My_Name_Is_Mud url:http://dbpedia.org/resource/My_Name_Is_Mud 
label:tag id:24283 name:Subhas_Chandra_Bose url:http://dbpedia.org/resource/Subhas_Chandra_Bose 
label:tag id:26982 name:Bear_Bryant url:http://dbpedia.org/resource/Bear_Bryant 
label:tag id:27357 name:Bob_Knight url:http://dbpedia.org/resource/Bob_Knight 
label:tag id:27434 name:Joe_Paterno url:http://dbpedia.org/resource/Joe_Paterno 
label:tag id:25581 name:Kate_Moss url:http://dbpedia.org/resource/Kate_Moss 
label:tag id:25612 name:Naomi_Campbell url:http://dbpedia.org/resource/Naomi_Campbell 
label:tag id:26004 name:Twiggy url:http://dbpedia.org/resource/Twiggy 
label:tag id:25554 name:Jimmy_White url:http://dbpedia.org/resource/Jimmy_White 
label:tag id:25999 name:Stephen_Lee url:http://dbpedia.org/resource/Stephen_Lee 
label:tag id:28105 name:Matthew_Stevens url:http://dbpedia.org/resource/Matthew_Stevens 
label:tag id:24114 name:Willy_Brandt url:http://dbpedia.org/resource/Willy_Brandt 
label:tag id:24183 name:Helmut_Schmidt url:http://dbpedia.org/resource/Helmut_Schmidt 
label:tag id:28377 name:Joseph_Goebbels url:http://dbpedia.org/resource/Joseph_Goebbels 
label:tag id:24614 name:Merzbow url:http://dbpedia.org/resource/Merzbow 
label:tag id:26272 name:The_Everly_Brothers url:http://dbpedia.org/resource/The_Everly_Brothers 
label:tag id:26514 name:Neil_Armstrong url:http://dbpedia.org/resource/Neil_Armstrong 
label:tag id:27694 name:Alan_Shepard url:http://dbpedia.org/resource/Alan_Shepard 
label:tag id:23452 name:Jean-Claude_Van_Damme url:http://dbpedia.org/resource/Jean-Claude_Van_Damme 
label:tag id:27445 name:Ken_Shamrock url:http://dbpedia.org/resource/Ken_Shamrock 
label:tag id:30818 name:Universal_Studios url:http://dbpedia.org/resource/Universal_Studios 
label:tag id:35283 name:TV_Asahi url:http://dbpedia.org/resource/TV_Asahi 
label:tag id:23496 name:Maria_II_of_Portugal url:http://dbpedia.org/resource/Maria_II_of_Portugal 
label:tag id:23688 name:Ivo_Karlović url:http://dbpedia.org/resource/Ivo_Karlović 
label:tag id:33883 name:Cali_Iz_Active url:http://dbpedia.org/resource/Cali_Iz_Active 
label:tag id:37654 name:Some_Velvet_Morning url:http://dbpedia.org/resource/Some_Velvet_Morning 
label:tag id:33719 name:Strength_&_Loyalty url:http://dbpedia.org/resource/Strength_&_Loyalty 
label:tag id:35422 name:Bück_dich url:http://dbpedia.org/resource/Bück_dich 
label:tag id:33605 name:Been_There,_Done_That url:http://dbpedia.org/resource/Been_There,_Done_That 
label:tag id:38522 name:These_Hopeful_Machines url:http://dbpedia.org/resource/These_Hopeful_Machines 
label:tag id:33488 name:The_Long_Road_Home url:http://dbpedia.org/resource/The_Long_Road_Home 
label:tag id:39133 name:Everybody_Loves_a_Happy_Ending url:http://dbpedia.org/resource/Everybody_Loves_a_Happy_Ending 
label:tag id:28463 name:This_Strange_Engine url:http://dbpedia.org/resource/This_Strange_Engine 
label:tag id:37596 name:Church_of_Hawkwind url:http://dbpedia.org/resource/Church_of_Hawkwind 
label:tag id:37909 name:And_I_Feel_Fine..._The_Best_of_the_I.R.S._Years_1982–1987 url:http://dbpedia.org/resource/And_I_Feel_Fine..._The_Best_of_the_I.R.S._Years_1982–1987 
label:tag id:33813 name:Metallic_K.O. url:http://dbpedia.org/resource/Metallic_K.O. 
label:tag id:38107 name:Panty_&_Stocking_with_Garterbelt url:http://dbpedia.org/resource/Panty_&_Stocking_with_Garterbelt 
label:tag id:39086 name:For_the_People url:http://dbpedia.org/resource/For_the_People 
label:tag id:33940 name:Fluorescent_Adolescent url:http://dbpedia.org/resource/Fluorescent_Adolescent 
label:tag id:30078 name:The_Kick_Inside url:http://dbpedia.org/resource/The_Kick_Inside 
label:tag id:28115 name:Make_It_Real url:http://dbpedia.org/resource/Make_It_Real 
label:tag id:37657 name:Never_Had_a_Dream_Come_True url:http://dbpedia.org/resource/Never_Had_a_Dream_Come_True 
label:tag id:35614 name:The_Supermen url:http://dbpedia.org/resource/The_Supermen 
label:tag id:32836 name:Summer_Girls url:http://dbpedia.org/resource/Summer_Girls 
label:tag id:38797 name:When_the_Lovelight_Starts_Shining_Through_His_Eyes url:http://dbpedia.org/resource/When_the_Lovelight_Starts_Shining_Through_His_Eyes 
label:tag id:37244 name:The_Milk-Eyed_Mender url:http://dbpedia.org/resource/The_Milk-Eyed_Mender 
label:tag id:39198 name:Voices:_WWE_The_Music,_Vol._9 url:http://dbpedia.org/resource/Voices:_WWE_The_Music,_Vol._9 
label:tag id:37347 name:Stairway_to_Heaven/Highway_to_Hell url:http://dbpedia.org/resource/Stairway_to_Heaven/Highway_to_Hell 
label:tag id:35425 name:Present_–_The_Very_Best_of_Steeleye_Span url:http://dbpedia.org/resource/Present_–_The_Very_Best_of_Steeleye_Span 
label:tag id:35619 name:Dragon_Ball_Z_Hit_Song_Collection_16:_We_Gotta_Power url:http://dbpedia.org/resource/Dragon_Ball_Z_Hit_Song_Collection_16:_We_Gotta_Power 
label:tag id:38796 name:The_Love_I_Saw_in_You_Was_Just_a_Mirage url:http://dbpedia.org/resource/The_Love_I_Saw_in_You_Was_Just_a_Mirage 
label:tag id:30914 name:The_Central_Park_Concert url:http://dbpedia.org/resource/The_Central_Park_Concert 
label:tag id:38081 name:Bony_Moronie url:http://dbpedia.org/resource/Bony_Moronie 
label:tag id:37507 name:Mein_Teil url:http://dbpedia.org/resource/Mein_Teil 
label:tag id:34183 name:Un_Monde_parfait url:http://dbpedia.org/resource/Un_Monde_parfait 
label:tag id:29484 name:Agony_&_Irony url:http://dbpedia.org/resource/Agony_&_Irony 
label:tag id:36270 name:Take_You_Down url:http://dbpedia.org/resource/Take_You_Down 
label:tag id:38056 name:You_Are_My_World url:http://dbpedia.org/resource/You_Are_My_World 
label:tag id:35764 name:The_Big_4_Live_from_Sofia,_Bulgaria url:http://dbpedia.org/resource/The_Big_4_Live_from_Sofia,_Bulgaria 
label:tag id:30452 name:Beside_You_in_Time url:http://dbpedia.org/resource/Beside_You_in_Time 
label:tag id:37367 name:New_Born url:http://dbpedia.org/resource/New_Born 
label:tag id:38712 name:Buenas_Noches_from_a_Lonely_Room url:http://dbpedia.org/resource/Buenas_Noches_from_a_Lonely_Room 
label:tag id:33846 name:The_Beautiful_Struggle url:http://dbpedia.org/resource/The_Beautiful_Struggle 
label:tag id:37531 name:A_Broken_Frame url:http://dbpedia.org/resource/A_Broken_Frame 
label:tag id:37703 name:Call_of_the_West url:http://dbpedia.org/resource/Call_of_the_West 
label:tag id:31239 name:Shortie_Like_Mine url:http://dbpedia.org/resource/Shortie_Like_Mine 
label:tag id:37812 name:The_Very_Best_of_Kiss url:http://dbpedia.org/resource/The_Very_Best_of_Kiss 
label:tag id:28370 name:Valley_of_the_Damned url:http://dbpedia.org/resource/Valley_of_the_Damned 
label:tag id:30910 name:Snake_Bite_Love url:http://dbpedia.org/resource/Snake_Bite_Love 
label:tag id:37269 name:Cuando_los_Ángeles_Lloran url:http://dbpedia.org/resource/Cuando_los_Ángeles_Lloran 
label:tag id:38332 name:Super_Live_in_Japan url:http://dbpedia.org/resource/Super_Live_in_Japan 
label:tag id:31209 name:On_the_Way_Down url:http://dbpedia.org/resource/On_the_Way_Down 
label:tag id:31582 name:Outstanding url:http://dbpedia.org/resource/Outstanding 
label:tag id:38913 name:Every_Mile_a_Memory url:http://dbpedia.org/resource/Every_Mile_a_Memory 
label:tag id:28809 name:Out_on_the_Tiles url:http://dbpedia.org/resource/Out_on_the_Tiles 
label:tag id:38865 name:If_I_Needed_You url:http://dbpedia.org/resource/If_I_Needed_You 
label:tag id:31138 name:The_Battle_Rages_On... url:http://dbpedia.org/resource/The_Battle_Rages_On... 
label:tag id:31453 name:Desolation_Boulevard url:http://dbpedia.org/resource/Desolation_Boulevard 
label:tag id:31549 name:Feels_Like_Today url:http://dbpedia.org/resource/Feels_Like_Today 
label:tag id:24757 name:Khalid_Sheikh_Mohammed url:http://dbpedia.org/resource/Khalid_Sheikh_Mohammed 
label:tag id:23486 name:Ronaldinho url:http://dbpedia.org/resource/Ronaldinho 
label:tag id:23783 name:Catherine_of_Alexandria url:http://dbpedia.org/resource/Catherine_of_Alexandria 
label:tag id:23664 name:John_Woo url:http://dbpedia.org/resource/John_Woo 
label:tag id:35245 name:East_Fife_F.C. url:http://dbpedia.org/resource/East_Fife_F.C. 
label:tag id:34767 name:Hannibal url:http://dbpedia.org/resource/Hannibal 
label:tag id:27949 name:Ron_Simmons url:http://dbpedia.org/resource/Ron_Simmons 
label:tag id:27934 name:Ron_Jeremy url:http://dbpedia.org/resource/Ron_Jeremy 
label:tag id:26440 name:Jack_Benny url:http://dbpedia.org/resource/Jack_Benny 
